booking_id,bien_so,ten_khach,hang_xe,dong_xe,ngay_bat_dau,ngay_ket_thuc,trang_thai
RENT_HCM_000001,33Y-816.43,Khach_000367,Mitsubishi,Xpander,2026-08-17,2026-08-19,DA_TRA
RENT_HCM_000002,39B-189.24,Khach_000434,Hyundai,Grand i10,2026-08-05,2026-08-13,DA_TRA
RENT_HCM_000003,45Z-150.11,Khach_000418,VinFast,VF5,2026-03-01,2026-03-03,DA_HUY
RENT_HCM_000004,43H-655.26,Khach_000263,Toyota,Vios,2026-06-01,2026-06-04,DA_TRA
RENT_HCM_000005,30D-459.65,Khach_000147,VinFast,VF5,2026-05-07,2026-05-12,DANG_THUE
RENT_HCM_000006,37F-656.80,Khach_000258,VinFast,VF5,2026-08-14,2026-08-15,DA_HUY
RENT_HCM_000007,39E-712.64,Khach_000033,Toyota,Vios,2026-12-27,2026-12-28,DA_TRA
RENT_HCM_000008,29H-446.82,Khach_000049,Hyundai,Accent,2026-09-07,2026-09-12,DA_HUY
RENT_HCM_000009,48M-648.20,Khach_000018,Hyundai,Accent,2026-11-11,2026-11-14,DANG_THUE
RENT_HCM_000010,38I-779.69,Khach_000261,Hyundai,Accent,2026-07-16,2026-07-18,DANG_THUE
RENT_HCM_000011,39U-858.97,Khach_000471,Hyundai,Grand i10,2026-11-26,2026-11-28,DA_HUY
RENT_HCM_000012,42C-393.92,Khach_000099,Kia,Seltos,2026-01-27,2026-01-28,DA_HUY
RENT_HCM_000013,41H-772.44,Khach_000416,Honda,City,2026-05-28,2026-05-28,DA_TRA
RENT_HCM_000014,35D-348.58,Khach_000402,Toyota,Innova,2026-01-01,2026-01-11,DA_TRA
RENT_HCM_000015,35F-455.79,Khach_000003,Toyota,Vios,2026-10-06,2026-10-14,DA_HUY
RENT_HCM_000016,42U-811.75,Khach_000038,VinFast,VF5,2026-05-19,2026-05-21,DA_HUY
RENT_HCM_000017,39Q-865.87,Khach_000166,Toyota,Innova,2026-01-11,2026-01-15,DA_HUY
RENT_HCM_000018,42S-699.39,Khach_000320,Hyundai,i10,2026-11-16,2026-11-21,DA_TRA
RENT_HCM_000019,48S-974.20,Khach_000382,Mazda,CX-5,2026-07-07,2026-07-15,DANG_THUE
RENT_HCM_000020,45N-136.54,Khach_000215,Toyota,Innova,2026-01-13,2026-01-15,DANG_THUE
RENT_HCM_000021,39Q-906.12,Khach_000158,Kia,Seltos,2026-07-20,2026-07-28,DANG_THUE
RENT_HCM_000022,41K-643.32,Khach_000379,Hyundai,Accent,2026-03-27,2026-03-28,DA_TRA
RENT_HCM_000023,49E-725.36,Khach_000466,Honda,City,2026-10-09,2026-10-16,DANG_THUE
RENT_HCM_000024,34U-510.88,Khach_000094,Hyundai,Grand i10,2026-11-25,2026-11-28,DANG_THUE
RENT_HCM_000025,37X-209.82,Khach_000160,Ford,Everest,2026-02-08,2026-02-11,DA_TRA
RENT_HCM_000026,37V-100.48,Khach_000432,Hyundai,i10,2026-01-05,2026-01-11,DA_TRA
RENT_HCM_000027,44F-536.47,Khach_000061,Hyundai,i10,2026-05-07,2026-05-17,DANG_THUE
RENT_HCM_000028,41N-296.39,Khach_000353,Hyundai,Grand i10,2026-05-02,2026-05-12,DANG_THUE
RENT_HCM_000029,45G-322.96,Khach_000250,Mazda,CX-5,2026-04-05,2026-04-08,DA_HUY
RENT_HCM_000030,51P-340.13,Khach_000252,Hyundai,Grand i10,2026-01-01,2026-01-04,DA_TRA
RENT_HCM_000031,44G-670.91,Khach_000073,Kia,Seltos,2026-06-13,2026-06-23,DA_TRA
RENT_HCM_000032,30R-633.31,Khach_000382,Hyundai,Grand i10,2026-03-07,2026-03-15,DA_HUY
RENT_HCM_000033,51Q-523.43,Khach_000318,Hyundai,Grand i10,2026-07-23,2026-07-24,DA_HUY
RENT_HCM_000034,40I-235.85,Khach_000094,Mazda,CX-5,2026-01-25,2026-01-28,DANG_THUE
RENT_HCM_000035,45A-298.70,Khach_000257,Mitsubishi,Xpander,2026-03-10,2026-03-17,DANG_THUE
RENT_HCM_000036,38R-946.25,Khach_000194,Kia,Seltos,2026-12-24,2026-12-26,DA_HUY
RENT_HCM_000037,33C-761.40,Khach_000464,Kia,Seltos,2026-11-20,2026-11-23,DANG_THUE
RENT_HCM_000038,51V-257.69,Khach_000279,Kia,Seltos,2026-07-08,2026-07-11,DA_HUY
RENT_HCM_000039,41X-968.18,Khach_000452,Ford,Everest,2026-08-06,2026-08-10,DANG_THUE
RENT_HCM_000040,48S-730.41,Khach_000450,Ford,Everest,2026-11-12,2026-11-20,DA_HUY
RENT_HCM_000041,50C-865.67,Khach_000081,Mitsubishi,Xpander,2026-11-19,2026-11-26,DA_TRA
RENT_HCM_000042,50C-435.10,Khach_000333,VinFast,VF5,2026-01-08,2026-01-10,DANG_THUE
RENT_HCM_000043,39R-537.59,Khach_000327,VinFast,VF5,2026-03-05,2026-03-13,DANG_THUE
RENT_HCM_000044,33I-544.31,Khach_000374,Hyundai,Grand i10,2026-08-21,2026-08-28,DA_HUY
RENT_HCM_000045,41O-377.69,Khach_000047,Kia,Seltos,2026-05-18,2026-05-21,DANG_THUE
RENT_HCM_000046,51Z-630.31,Khach_000197,Kia,Morning,2026-11-26,2026-11-28,DA_TRA
RENT_HCM_000047,43N-415.81,Khach_000290,Mazda,CX-5,2026-06-25,2026-06-27,DANG_THUE
RENT_HCM_000048,42H-549.75,Khach_000013,Mitsubishi,Xpander,2026-08-02,2026-08-04,DA_HUY
RENT_HCM_000049,35Y-522.94,Khach_000459,Ford,Everest,2026-05-21,2026-05-22,DA_HUY
RENT_HCM_000050,41L-397.93,Khach_000485,Kia,Seltos,2026-12-28,2026-12-28,DANG_THUE
RENT_HCM_000051,33K-375.36,Khach_000427,Hyundai,i10,2026-04-14,2026-04-16,DA_TRA
RENT_HCM_000052,48Y-455.60,Khach_000349,VinFast,VF5,2026-07-02,2026-07-03,DANG_THUE
RENT_HCM_000053,37Z-704.65,Khach_000071,Hyundai,i10,2026-07-09,2026-07-18,DANG_THUE
RENT_HCM_000054,32S-863.76,Khach_000352,Mazda,CX-5,2026-05-16,2026-05-19,DANG_THUE
RENT_HCM_000055,34V-477.82,Khach_000435,Honda,City,2026-11-03,2026-11-09,DANG_THUE
RENT_HCM_000056,33U-665.55,Khach_000326,Toyota,Vios,2026-09-12,2026-09-20,DANG_THUE
RENT_HCM_000057,29I-897.90,Khach_000189,Kia,Seltos,2026-02-13,2026-02-19,DA_HUY
RENT_HCM_000058,32M-395.13,Khach_000272,VinFast,VF5,2026-04-24,2026-04-28,DA_HUY
RENT_HCM_000059,29A-325.12,Khach_000413,Hyundai,i10,2026-05-16,2026-05-18,DANG_THUE
RENT_HCM_000060,35U-845.57,Khach_000109,VinFast,VF5,2026-08-13,2026-08-14,DA_HUY
RENT_HCM_000061,38N-274.14,Khach_000271,Mazda,CX-5,2026-08-04,2026-08-12,DANG_THUE
RENT_HCM_000062,45N-972.97,Khach_000162,Toyota,Vios,2026-10-12,2026-10-15,DA_TRA
RENT_HCM_000063,34C-769.49,Khach_000013,Hyundai,Accent,2026-12-03,2026-12-12,DA_TRA
RENT_HCM_000064,30K-719.72,Khach_000087,Ford,Everest,2026-02-13,2026-02-16,DANG_THUE
RENT_HCM_000065,33S-184.59,Khach_000331,VinFast,VF5,2026-04-18,2026-04-28,DA_TRA
RENT_HCM_000066,39O-691.76,Khach_000307,Mazda,CX-5,2026-06-02,2026-06-05,DA_TRA
RENT_HCM_000067,31T-242.42,Khach_000008,Hyundai,Grand i10,2026-02-03,2026-02-04,DANG_THUE
RENT_HCM_000068,51W-380.13,Khach_000353,Hyundai,Accent,2026-06-01,2026-06-02,DA_HUY
RENT_HCM_000069,36M-826.54,Khach_000087,Kia,Morning,2026-06-19,2026-06-23,DANG_THUE
RENT_HCM_000070,49Q-954.65,Khach_000023,Hyundai,i10,2026-05-01,2026-05-08,DA_HUY
RENT_HCM_000071,41W-550.55,Khach_000331,Mazda,CX-5,2026-02-18,2026-02-19,DA_HUY
RENT_HCM_000072,48A-949.67,Khach_000294,Honda,City,2026-12-23,2026-12-28,DA_HUY
RENT_HCM_000073,31Q-616.44,Khach_000230,Mitsubishi,Xpander,2026-07-23,2026-07-28,DA_TRA
RENT_HCM_000074,43Y-838.44,Khach_000454,Hyundai,Accent,2026-03-08,2026-03-09,DANG_THUE
RENT_HCM_000075,29A-439.19,Khach_000048,Honda,City,2026-09-10,2026-09-11,DA_TRA
RENT_HCM_000076,44V-446.38,Khach_000012,Hyundai,Grand i10,2026-10-08,2026-10-11,DA_TRA
RENT_HCM_000077,37S-723.20,Khach_000316,VinFast,VF5,2026-11-02,2026-11-10,DA_TRA
RENT_HCM_000078,41H-970.82,Khach_000089,Kia,Morning,2026-10-16,2026-10-25,DA_TRA
RENT_HCM_000079,31K-758.99,Khach_000187,Hyundai,i10,2026-10-17,2026-10-21,DA_HUY
RENT_HCM_000080,34W-605.93,Khach_000215,Mazda,CX-5,2026-10-21,2026-10-28,DANG_THUE
RENT_HCM_000081,41X-439.19,Khach_000254,Kia,Morning,2026-10-11,2026-10-15,DANG_THUE
RENT_HCM_000082,30K-189.90,Khach_000006,VinFast,VF5,2026-11-24,2026-11-25,DA_TRA
RENT_HCM_000083,44Y-961.38,Khach_000477,Kia,Morning,2026-07-14,2026-07-21,DANG_THUE
RENT_HCM_000084,42H-182.50,Khach_000165,Kia,Seltos,2026-09-06,2026-09-14,DA_HUY
RENT_HCM_000085,31U-803.81,Khach_000046,VinFast,VF5,2026-06-28,2026-06-28,DA_HUY
RENT_HCM_000086,45L-150.59,Khach_000445,Kia,Seltos,2026-05-20,2026-05-22,DA_HUY
RENT_HCM_000087,48T-719.22,Khach_000310,Ford,Everest,2026-02-24,2026-02-25,DA_TRA
RENT_HCM_000088,38B-300.73,Khach_000412,Ford,Everest,2026-09-05,2026-09-06,DA_TRA
RENT_HCM_000089,42Z-309.17,Khach_000188,Ford,Everest,2026-05-25,2026-05-28,DANG_THUE
RENT_HCM_000090,42Z-916.95,Khach_000378,Hyundai,Grand i10,2026-05-20,2026-05-21,DA_TRA
RENT_HCM_000091,45O-440.79,Khach_000213,Hyundai,Accent,2026-11-10,2026-11-12,DA_TRA
RENT_HCM_000092,38A-328.54,Khach_000235,Kia,Seltos,2026-01-21,2026-01-23,DA_HUY
RENT_HCM_000093,46Q-840.20,Khach_000374,Mazda,CX-5,2026-08-07,2026-08-17,DA_TRA
RENT_HCM_000094,30H-529.43,Khach_000436,Kia,Seltos,2026-03-13,2026-03-23,DA_HUY
RENT_HCM_000095,41Z-980.11,Khach_000022,Hyundai,i10,2026-11-02,2026-11-08,DA_HUY
RENT_HCM_000096,34B-927.99,Khach_000278,Mazda,CX-5,2026-12-03,2026-12-09,DANG_THUE
RENT_HCM_000097,35S-295.66,Khach_000228,VinFast,VF5,2026-08-20,2026-08-26,DA_TRA
RENT_HCM_000098,50B-763.91,Khach_000141,VinFast,VF5,2026-12-02,2026-12-11,DA_TRA
RENT_HCM_000099,36Q-196.51,Khach_000139,Hyundai,Accent,2026-03-19,2026-03-24,DA_TRA
RENT_HCM_000100,35P-306.41,Khach_000039,Hyundai,Grand i10,2026-12-08,2026-12-18,DA_TRA
RENT_HCM_000101,35N-129.72,Khach_000156,Hyundai,Grand i10,2026-10-17,2026-10-24,DANG_THUE
RENT_HCM_000102,30X-219.24,Khach_000413,VinFast,VF5,2026-12-12,2026-12-20,DA_TRA
RENT_HCM_000103,30K-927.65,Khach_000468,Ford,Everest,2026-11-16,2026-11-17,DANG_THUE
RENT_HCM_000104,46J-470.12,Khach_000407,Kia,Morning,2026-12-28,2026-12-28,DA_TRA
RENT_HCM_000105,38J-774.63,Khach_000486,Mitsubishi,Xpander,2026-11-16,2026-11-25,DANG_THUE
RENT_HCM_000106,32K-133.52,Khach_000137,Toyota,Vios,2026-01-03,2026-01-12,DA_HUY
RENT_HCM_000107,46Z-580.83,Khach_000500,Ford,Everest,2026-07-17,2026-07-25,DA_HUY
RENT_HCM_000108,37W-781.95,Khach_000124,Hyundai,Accent,2026-06-06,2026-06-08,DANG_THUE
RENT_HCM_000109,33P-347.95,Khach_000115,Ford,Everest,2026-09-22,2026-09-28,DANG_THUE
RENT_HCM_000110,29C-341.42,Khach_000337,Kia,Morning,2026-07-14,2026-07-22,DA_HUY
RENT_HCM_000111,47W-376.56,Khach_000277,VinFast,VF5,2026-07-03,2026-07-12,DA_HUY
RENT_HCM_000112,40D-630.46,Khach_000015,Kia,Morning,2026-10-22,2026-10-28,DA_TRA
RENT_HCM_000113,49F-824.73,Khach_000069,Honda,City,2026-01-28,2026-01-28,DA_TRA
RENT_HCM_000114,41K-672.63,Khach_000220,Toyota,Innova,2026-11-21,2026-11-25,DA_TRA
RENT_HCM_000115,49U-505.56,Khach_000199,Hyundai,i10,2026-08-15,2026-08-24,DA_HUY
RENT_HCM_000116,39D-816.95,Khach_000465,Ford,Everest,2026-06-22,2026-06-25,DANG_THUE
RENT_HCM_000117,43Z-141.51,Khach_000247,Hyundai,Grand i10,2026-04-06,2026-04-13,DA_TRA
RENT_HCM_000118,41B-407.31,Khach_000065,Kia,Morning,2026-02-17,2026-02-19,DA_TRA
RENT_HCM_000119,33Q-727.22,Khach_000092,Mazda,CX-5,2026-05-12,2026-05-21,DA_HUY
RENT_HCM_000120,51R-563.52,Khach_000087,Honda,City,2026-03-07,2026-03-08,DA_HUY
RENT_HCM_000121,36H-410.25,Khach_000089,Toyota,Vios,2026-02-16,2026-02-18,DA_TRA
RENT_HCM_000122,49F-420.51,Khach_000183,Toyota,Innova,2026-07-10,2026-07-17,DANG_THUE
RENT_HCM_000123,40U-183.13,Khach_000315,Mazda,CX-5,2026-01-15,2026-01-24,DANG_THUE
RENT_HCM_000124,29B-439.92,Khach_000139,Ford,Everest,2026-10-03,2026-10-11,DA_TRA
RENT_HCM_000125,41F-987.26,Khach_000186,VinFast,VF5,2026-06-07,2026-06-14,DA_HUY
RENT_HCM_000126,45M-578.43,Khach_000375,Toyota,Vios,2026-01-05,2026-01-08,DANG_THUE
RENT_HCM_000127,48X-718.74,Khach_000257,Mazda,CX-5,2026-07-01,2026-07-03,DA_HUY
RENT_HCM_000128,38N-418.50,Khach_000122,Toyota,Innova,2026-04-21,2026-04-25,DANG_THUE
RENT_HCM_000129,48I-607.11,Khach_000106,Toyota,Innova,2026-04-15,2026-04-17,DANG_THUE
RENT_HCM_000130,39P-408.90,Khach_000341,Hyundai,Grand i10,2026-10-19,2026-10-24,DA_TRA
RENT_HCM_000131,45N-625.17,Khach_000295,Kia,Seltos,2026-09-17,2026-09-22,DA_TRA
RENT_HCM_000132,36H-440.21,Khach_000182,Ford,Everest,2026-08-18,2026-08-24,DANG_THUE
RENT_HCM_000133,36Z-548.42,Khach_000304,VinFast,VF5,2026-03-01,2026-03-03,DANG_THUE
RENT_HCM_000134,40G-428.23,Khach_000081,Ford,Everest,2026-03-03,2026-03-06,DA_HUY
RENT_HCM_000135,48X-150.25,Khach_000041,Toyota,Vios,2026-07-01,2026-07-06,DA_HUY
RENT_HCM_000136,49C-997.98,Khach_000200,Kia,Seltos,2026-12-26,2026-12-28,DANG_THUE
RENT_HCM_000137,40G-977.83,Khach_000086,Mazda,CX-5,2026-09-23,2026-09-28,DA_HUY
RENT_HCM_000138,39O-581.60,Khach_000141,Ford,Everest,2026-10-06,2026-10-08,DA_HUY
RENT_HCM_000139,33L-739.39,Khach_000255,Mazda,CX-5,2026-03-15,2026-03-17,DA_HUY
RENT_HCM_000140,31H-791.64,Khach_000292,Kia,Seltos,2026-02-27,2026-02-28,DANG_THUE
RENT_HCM_000141,37B-634.57,Khach_000169,Kia,Morning,2026-02-16,2026-02-17,DA_TRA
RENT_HCM_000142,44I-281.99,Khach_000406,Toyota,Innova,2026-04-04,2026-04-11,DANG_THUE
RENT_HCM_000143,39P-205.78,Khach_000237,Honda,City,2026-05-23,2026-05-27,DANG_THUE
RENT_HCM_000144,46V-865.93,Khach_000484,Hyundai,Grand i10,2026-02-27,2026-02-28,DA_HUY
RENT_HCM_000145,37E-284.94,Khach_000034,VinFast,VF5,2026-09-21,2026-09-27,DANG_THUE
RENT_HCM_000146,48D-803.85,Khach_000399,Mitsubishi,Xpander,2026-03-23,2026-03-25,DA_HUY
RENT_HCM_000147,34V-267.24,Khach_000334,Honda,City,2026-07-26,2026-07-28,DANG_THUE
RENT_HCM_000148,44K-629.88,Khach_000410,Kia,Morning,2026-06-20,2026-06-24,DA_HUY
RENT_HCM_000149,41H-661.51,Khach_000375,Kia,Morning,2026-07-17,2026-07-20,DA_TRA
RENT_HCM_000150,41J-452.90,Khach_000273,Toyota,Vios,2026-11-07,2026-11-14,DA_TRA
RENT_HCM_000151,36Y-488.20,Khach_000315,Mazda,CX-5,2026-05-20,2026-05-22,DANG_THUE
RENT_HCM_000152,40Q-890.81,Khach_000268,Mazda,CX-5,2026-11-17,2026-11-25,DA_HUY
RENT_HCM_000153,45I-777.23,Khach_000125,Mitsubishi,Xpander,2026-09-05,2026-09-06,DANG_THUE
RENT_HCM_000154,40T-742.61,Khach_000440,Mitsubishi,Xpander,2026-05-03,2026-05-12,DA_TRA
RENT_HCM_000155,39W-440.19,Khach_000064,Honda,City,2026-05-15,2026-05-23,DA_TRA
RENT_HCM_000156,38F-537.23,Khach_000362,Mitsubishi,Xpander,2026-09-01,2026-09-08,DA_TRA
RENT_HCM_000157,45O-608.72,Khach_000127,Honda,City,2026-05-24,2026-05-26,DA_HUY
RENT_HCM_000158,34P-408.91,Khach_000201,Kia,Morning,2026-06-09,2026-06-19,DA_TRA
RENT_HCM_000159,32P-920.23,Khach_000254,Toyota,Innova,2026-08-08,2026-08-09,DA_HUY
RENT_HCM_000160,31Y-633.88,Khach_000284,VinFast,VF5,2026-09-23,2026-09-28,DANG_THUE
RENT_HCM_000161,46D-686.73,Khach_000289,Hyundai,Grand i10,2026-08-02,2026-08-07,DANG_THUE
RENT_HCM_000162,48Y-193.76,Khach_000464,Ford,Everest,2026-06-04,2026-06-06,DANG_THUE
RENT_HCM_000163,33V-248.98,Khach_000063,Ford,Everest,2026-12-10,2026-12-19,DANG_THUE
RENT_HCM_000164,42P-304.56,Khach_000200,Hyundai,Grand i10,2026-01-21,2026-01-25,DANG_THUE
RENT_HCM_000165,42A-809.82,Khach_000168,Toyota,Innova,2026-05-12,2026-05-18,DA_HUY
RENT_HCM_000166,39J-930.92,Khach_000174,Kia,Morning,2026-09-26,2026-09-28,DA_TRA
RENT_HCM_000167,49L-129.30,Khach_000071,Hyundai,Accent,2026-03-17,2026-03-22,DANG_THUE
RENT_HCM_000168,36X-130.47,Khach_000182,Mitsubishi,Xpander,2026-07-08,2026-07-15,DANG_THUE
RENT_HCM_000169,40R-291.11,Khach_000090,VinFast,VF5,2026-12-13,2026-12-15,DA_TRA
RENT_HCM_000170,41C-874.47,Khach_000500,Hyundai,Accent,2026-07-09,2026-07-15,DANG_THUE
RENT_HCM_000171,38T-457.16,Khach_000106,Mitsubishi,Xpander,2026-11-10,2026-11-13,DA_TRA
RENT_HCM_000172,37A-662.27,Khach_000237,Ford,Everest,2026-07-17,2026-07-18,DANG_THUE
RENT_HCM_000173,41L-742.79,Khach_000263,Kia,Seltos,2026-06-14,2026-06-19,DA_TRA
RENT_HCM_000174,31E-788.60,Khach_000092,Hyundai,Grand i10,2026-11-03,2026-11-13,DA_HUY
RENT_HCM_000175,49H-345.43,Khach_000323,Kia,Seltos,2026-05-23,2026-05-24,DA_HUY
RENT_HCM_000176,48S-855.24,Khach_000331,Hyundai,Grand i10,2026-01-16,2026-01-19,DANG_THUE
RENT_HCM_000177,40R-276.30,Khach_000010,Honda,City,2026-02-10,2026-02-18,DA_TRA
RENT_HCM_000178,41Q-898.26,Khach_000120,Mazda,CX-5,2026-02-23,2026-02-26,DA_HUY
RENT_HCM_000179,47W-642.75,Khach_000416,VinFast,VF5,2026-05-27,2026-05-28,DANG_THUE
RENT_HCM_000180,36H-465.28,Khach_000450,Toyota,Innova,2026-01-18,2026-01-19,DA_HUY
RENT_HCM_000181,31A-863.28,Khach_000091,Ford,Everest,2026-07-19,2026-07-24,DA_HUY
RENT_HCM_000182,43V-919.90,Khach_000172,Hyundai,Grand i10,2026-04-24,2026-04-28,DA_TRA
RENT_HCM_000183,48G-130.63,Khach_000313,Hyundai,Grand i10,2026-05-22,2026-05-28,DA_TRA
RENT_HCM_000184,34H-874.49,Khach_000476,VinFast,VF5,2026-10-22,2026-10-24,DANG_THUE
RENT_HCM_000185,51M-609.88,Khach_000449,Kia,Morning,2026-10-06,2026-10-11,DA_TRA
RENT_HCM_000186,46G-561.12,Khach_000272,Mazda,CX-5,2026-08-12,2026-08-15,DANG_THUE
RENT_HCM_000187,38V-680.22,Khach_000494,Toyota,Innova,2026-07-26,2026-07-28,DA_HUY
RENT_HCM_000188,47A-714.34,Khach_000459,Kia,Seltos,2026-02-23,2026-02-28,DA_TRA
RENT_HCM_000189,38O-160.34,Khach_000327,Kia,Morning,2026-10-21,2026-10-24,DANG_THUE
RENT_HCM_000190,35D-226.10,Khach_000451,Hyundai,i10,2026-11-21,2026-11-27,DANG_THUE
RENT_HCM_000191,40R-669.64,Khach_000088,Kia,Seltos,2026-11-24,2026-11-28,DA_TRA
RENT_HCM_000192,38N-793.44,Khach_000024,Hyundai,Grand i10,2026-02-27,2026-02-28,DANG_THUE
RENT_HCM_000193,46P-181.17,Khach_000123,Toyota,Vios,2026-05-24,2026-05-27,DA_TRA
RENT_HCM_000194,45S-923.42,Khach_000149,Honda,City,2026-07-27,2026-07-28,DA_TRA
RENT_HCM_000195,32Y-958.69,Khach_000368,Kia,Morning,2026-03-08,2026-03-09,DA_TRA
RENT_HCM_000196,48P-245.33,Khach_000026,Ford,Everest,2026-06-27,2026-06-28,DANG_THUE
RENT_HCM_000197,39U-660.40,Khach_000054,Hyundai,Grand i10,2026-01-10,2026-01-18,DA_TRA
RENT_HCM_000198,42R-734.54,Khach_000218,Kia,Morning,2026-03-03,2026-03-12,DANG_THUE
RENT_HCM_000199,51S-102.81,Khach_000137,Toyota,Vios,2026-08-03,2026-08-07,DANG_THUE
RENT_HCM_000200,51X-826.18,Khach_000069,Mitsubishi,Xpander,2026-12-20,2026-12-25,DA_TRA
RENT_HCM_000201,51O-178.26,Khach_000438,Mitsubishi,Xpander,2026-09-18,2026-09-27,DA_HUY
RENT_HCM_000202,43R-751.69,Khach_000426,VinFast,VF5,2026-03-26,2026-03-28,DA_TRA
RENT_HCM_000203,30Z-723.29,Khach_000473,Mazda,CX-5,2026-01-02,2026-01-10,DA_TRA
RENT_HCM_000204,41E-999.93,Khach_000285,Kia,Morning,2026-11-09,2026-11-10,DANG_THUE
RENT_HCM_000205,33H-757.72,Khach_000464,Toyota,Innova,2026-12-12,2026-12-22,DA_HUY
RENT_HCM_000206,30W-770.52,Khach_000424,Kia,Morning,2026-04-15,2026-04-24,DA_TRA
RENT_HCM_000207,37P-685.13,Khach_000116,Kia,Seltos,2026-02-14,2026-02-15,DA_HUY
RENT_HCM_000208,39I-577.72,Khach_000364,Hyundai,Grand i10,2026-01-17,2026-01-21,DA_HUY
RENT_HCM_000209,44U-584.58,Khach_000160,Mazda,CX-5,2026-08-15,2026-08-24,DA_TRA
RENT_HCM_000210,38G-888.65,Khach_000013,Kia,Morning,2026-11-28,2026-11-28,DANG_THUE
RENT_HCM_000211,37N-266.88,Khach_000471,VinFast,VF5,2026-10-02,2026-10-12,DANG_THUE
RENT_HCM_000212,31T-147.41,Khach_000202,Toyota,Vios,2026-06-14,2026-06-21,DA_TRA
RENT_HCM_000213,38Z-344.88,Khach_000385,Toyota,Innova,2026-06-10,2026-06-15,DA_TRA
RENT_HCM_000214,29G-759.76,Khach_000056,Kia,Morning,2026-05-09,2026-05-12,DA_HUY
RENT_HCM_000215,42G-743.36,Khach_000022,Hyundai,i10,2026-01-26,2026-01-28,DANG_THUE
RENT_HCM_000216,38J-198.48,Khach_000341,Toyota,Innova,2026-03-27,2026-03-28,DA_HUY
RENT_HCM_000217,42C-333.80,Khach_000210,VinFast,VF5,2026-11-25,2026-11-28,DA_TRA
RENT_HCM_000218,51P-913.52,Khach_000084,Mazda,CX-5,2026-12-02,2026-12-05,DA_TRA
RENT_HCM_000219,34Q-854.94,Khach_000305,Mitsubishi,Xpander,2026-07-04,2026-07-07,DANG_THUE
RENT_HCM_000220,29F-445.25,Khach_000094,VinFast,VF5,2026-10-24,2026-10-28,DA_HUY
RENT_HCM_000221,33Z-666.15,Khach_000443,Kia,Seltos,2026-12-17,2026-12-27,DA_TRA
RENT_HCM_000222,40K-334.25,Khach_000380,Kia,Morning,2026-09-28,2026-09-28,DA_HUY
RENT_HCM_000223,43F-517.83,Khach_000113,Mazda,CX-5,2026-07-01,2026-07-07,DA_HUY
RENT_HCM_000224,39C-874.62,Khach_000440,Hyundai,Grand i10,2026-04-08,2026-04-10,DA_TRA
RENT_HCM_000225,48Y-139.89,Khach_000432,Toyota,Vios,2026-10-10,2026-10-17,DA_HUY
RENT_HCM_000226,35C-761.59,Khach_000205,Hyundai,i10,2026-05-01,2026-05-04,DA_HUY
RENT_HCM_000227,41M-143.75,Khach_000041,VinFast,VF5,2026-03-04,2026-03-11,DA_HUY
RENT_HCM_000228,30W-992.16,Khach_000249,Ford,Everest,2026-06-15,2026-06-21,DA_HUY
RENT_HCM_000229,44J-614.84,Khach_000340,Kia,Seltos,2026-07-25,2026-07-28,DA_HUY
RENT_HCM_000230,48U-569.89,Khach_000330,Hyundai,Accent,2026-11-05,2026-11-14,DANG_THUE
RENT_HCM_000231,34V-400.73,Khach_000350,VinFast,VF5,2026-09-03,2026-09-10,DA_HUY
RENT_HCM_000232,49E-270.77,Khach_000442,VinFast,VF5,2026-11-14,2026-11-15,DA_HUY
RENT_HCM_000233,47D-104.84,Khach_000168,Hyundai,Accent,2026-09-26,2026-09-28,DANG_THUE
RENT_HCM_000234,46V-600.83,Khach_000255,Hyundai,i10,2026-01-06,2026-01-09,DANG_THUE
RENT_HCM_000235,41Z-393.65,Khach_000317,Toyota,Innova,2026-04-11,2026-04-18,DANG_THUE
RENT_HCM_000236,31U-836.58,Khach_000054,Hyundai,i10,2026-10-01,2026-10-07,DA_TRA
RENT_HCM_000237,38I-856.96,Khach_000317,Hyundai,Accent,2026-12-22,2026-12-24,DA_HUY
RENT_HCM_000238,46R-256.94,Khach_000034,VinFast,VF5,2026-04-05,2026-04-13,DA_HUY
RENT_HCM_000239,39P-737.16,Khach_000174,Toyota,Vios,2026-08-03,2026-08-04,DA_HUY
RENT_HCM_000240,44Z-991.88,Khach_000486,Kia,Morning,2026-09-19,2026-09-21,DA_TRA
RENT_HCM_000241,30A-445.78,Khach_000012,Mitsubishi,Xpander,2026-04-11,2026-04-16,DA_HUY
RENT_HCM_000242,29R-327.79,Khach_000224,Toyota,Innova,2026-04-14,2026-04-24,DA_HUY
RENT_HCM_000243,48L-191.48,Khach_000082,Kia,Seltos,2026-10-24,2026-10-28,DANG_THUE
RENT_HCM_000244,46C-855.29,Khach_000341,Hyundai,Accent,2026-08-04,2026-08-07,DA_HUY
RENT_HCM_000245,29D-966.95,Khach_000217,Mazda,CX-5,2026-12-26,2026-12-28,DA_HUY
RENT_HCM_000246,46K-968.67,Khach_000138,Kia,Morning,2026-12-09,2026-12-14,DANG_THUE
RENT_HCM_000247,46F-751.90,Khach_000107,Hyundai,Accent,2026-01-25,2026-01-28,DA_HUY
RENT_HCM_000248,39W-606.43,Khach_000238,Kia,Seltos,2026-12-05,2026-12-07,DANG_THUE
RENT_HCM_000249,32U-182.88,Khach_000387,Kia,Morning,2026-11-15,2026-11-23,DANG_THUE
RENT_HCM_000250,35D-817.66,Khach_000017,Ford,Everest,2026-12-28,2026-12-28,DANG_THUE
RENT_HCM_000251,29M-515.81,Khach_000059,Honda,City,2026-02-18,2026-02-25,DANG_THUE
RENT_HCM_000252,34F-602.48,Khach_000247,Toyota,Innova,2026-01-19,2026-01-25,DANG_THUE
RENT_HCM_000253,38U-631.34,Khach_000156,VinFast,VF5,2026-06-05,2026-06-06,DA_TRA
RENT_HCM_000254,38K-712.16,Khach_000241,VinFast,VF5,2026-08-21,2026-08-24,DA_TRA
RENT_HCM_000255,50W-781.72,Khach_000391,Ford,Everest,2026-01-21,2026-01-26,DA_HUY
RENT_HCM_000256,31G-231.19,Khach_000495,Kia,Seltos,2026-02-01,2026-02-06,DA_TRA
RENT_HCM_000257,36S-289.65,Khach_000281,Mitsubishi,Xpander,2026-01-27,2026-01-28,DANG_THUE
RENT_HCM_000258,49C-580.56,Khach_000176,Toyota,Vios,2026-01-24,2026-01-25,DA_TRA
RENT_HCM_000259,51D-389.45,Khach_000285,Hyundai,Accent,2026-09-20,2026-09-28,DA_HUY
RENT_HCM_000260,44E-137.28,Khach_000053,VinFast,VF5,2026-08-04,2026-08-12,DA_HUY
RENT_HCM_000261,43Y-635.12,Khach_000027,Honda,City,2026-07-09,2026-07-17,DA_HUY
RENT_HCM_000262,43S-952.88,Khach_000402,Mitsubishi,Xpander,2026-05-18,2026-05-27,DA_TRA
RENT_HCM_000263,41X-694.17,Khach_000275,Honda,City,2026-10-22,2026-10-27,DA_TRA
RENT_HCM_000264,32N-136.67,Khach_000367,Kia,Morning,2026-01-21,2026-01-22,DA_TRA
RENT_HCM_000265,40E-685.32,Khach_000437,Honda,City,2026-03-10,2026-03-20,DA_TRA
RENT_HCM_000266,49E-769.40,Khach_000396,Kia,Morning,2026-08-02,2026-08-07,DANG_THUE
RENT_HCM_000267,44S-118.59,Khach_000115,Hyundai,i10,2026-12-16,2026-12-26,DA_TRA
RENT_HCM_000268,38F-173.68,Khach_000341,Hyundai,Accent,2026-01-12,2026-01-13,DANG_THUE
RENT_HCM_000269,33M-856.33,Khach_000436,VinFast,VF5,2026-09-12,2026-09-20,DA_HUY
RENT_HCM_000270,45I-665.48,Khach_000186,Mitsubishi,Xpander,2026-12-15,2026-12-16,DA_TRA
RENT_HCM_000271,42P-562.88,Khach_000220,Toyota,Vios,2026-09-12,2026-09-17,DA_TRA
RENT_HCM_000272,47X-637.88,Khach_000212,Honda,City,2026-04-28,2026-04-28,DANG_THUE
RENT_HCM_000273,37F-423.92,Khach_000313,Kia,Morning,2026-08-24,2026-08-28,DANG_THUE
RENT_HCM_000274,38S-798.21,Khach_000456,Honda,City,2026-03-18,2026-03-21,DA_TRA
RENT_HCM_000275,38E-561.97,Khach_000429,Toyota,Vios,2026-06-13,2026-06-16,DANG_THUE
RENT_HCM_000276,42L-464.88,Khach_000258,Kia,Seltos,2026-05-19,2026-05-25,DANG_THUE
RENT_HCM_000277,36K-686.24,Khach_000486,Hyundai,Grand i10,2026-04-25,2026-04-28,DANG_THUE
RENT_HCM_000278,42U-629.39,Khach_000066,Hyundai,Grand i10,2026-12-07,2026-12-12,DANG_THUE
RENT_HCM_000279,39B-895.31,Khach_000086,Hyundai,i10,2026-07-13,2026-07-17,DA_HUY
RENT_HCM_000280,39L-231.84,Khach_000125,Honda,City,2026-08-27,2026-08-28,DANG_THUE
RENT_HCM_000281,37E-423.25,Khach_000019,Honda,City,2026-09-10,2026-09-17,DA_TRA
RENT_HCM_000282,45V-803.52,Khach_000404,Kia,Morning,2026-08-25,2026-08-28,DA_TRA
RENT_HCM_000283,29C-585.28,Khach_000136,VinFast,VF5,2026-01-04,2026-01-10,DANG_THUE
RENT_HCM_000284,43B-146.94,Khach_000062,Hyundai,Accent,2026-06-06,2026-06-16,DANG_THUE
RENT_HCM_000285,42N-192.38,Khach_000021,Mazda,CX-5,2026-02-12,2026-02-22,DA_TRA
RENT_HCM_000286,29A-717.96,Khach_000477,Hyundai,i10,2026-08-28,2026-08-28,DA_TRA
RENT_HCM_000287,40N-328.50,Khach_000245,Hyundai,Grand i10,2026-09-15,2026-09-17,DANG_THUE
RENT_HCM_000288,32I-219.12,Khach_000354,VinFast,VF5,2026-03-21,2026-03-28,DANG_THUE
RENT_HCM_000289,45C-269.97,Khach_000337,Toyota,Innova,2026-06-07,2026-06-16,DA_HUY
RENT_HCM_000290,44S-329.25,Khach_000420,VinFast,VF5,2026-12-11,2026-12-18,DANG_THUE
RENT_HCM_000291,48Q-319.54,Khach_000436,Ford,Everest,2026-07-22,2026-07-23,DANG_THUE
RENT_HCM_000292,50R-815.93,Khach_000339,Honda,City,2026-03-27,2026-03-28,DA_HUY
RENT_HCM_000293,42Q-700.45,Khach_000054,Hyundai,Grand i10,2026-08-05,2026-08-15,DA_TRA
RENT_HCM_000294,48Z-386.14,Khach_000204,VinFast,VF5,2026-11-22,2026-11-28,DANG_THUE
RENT_HCM_000295,31T-359.61,Khach_000441,Honda,City,2026-05-22,2026-05-26,DA_HUY
RENT_HCM_000296,49V-494.70,Khach_000382,Ford,Everest,2026-10-09,2026-10-14,DA_HUY
RENT_HCM_000297,35D-438.83,Khach_000273,Honda,City,2026-01-10,2026-01-14,DA_TRA
RENT_HCM_000298,41K-648.42,Khach_000349,Hyundai,Grand i10,2026-05-16,2026-05-21,DA_TRA
RENT_HCM_000299,39J-591.31,Khach_000114,Toyota,Vios,2026-01-17,2026-01-24,DANG_THUE
RENT_HCM_000300,46Q-678.70,Khach_000233,Kia,Seltos,2026-05-16,2026-05-25,DA_HUY
RENT_HCM_000301,50M-862.56,Khach_000013,Mitsubishi,Xpander,2026-05-04,2026-05-08,DANG_THUE
RENT_HCM_000302,34P-573.45,Khach_000268,Kia,Morning,2026-08-12,2026-08-20,DA_TRA
RENT_HCM_000303,45S-772.83,Khach_000479,Kia,Seltos,2026-01-24,2026-01-26,DA_TRA
RENT_HCM_000304,30Q-907.10,Khach_000450,VinFast,VF5,2026-03-19,2026-03-28,DA_TRA
RENT_HCM_000305,40Y-277.15,Khach_000177,Hyundai,Accent,2026-02-05,2026-02-10,DA_TRA
RENT_HCM_000306,44H-570.33,Khach_000154,VinFast,VF5,2026-10-15,2026-10-21,DA_TRA
RENT_HCM_000307,45P-180.38,Khach_000359,Hyundai,Grand i10,2026-04-28,2026-04-28,DA_HUY
RENT_HCM_000308,31E-570.20,Khach_000342,Ford,Everest,2026-03-23,2026-03-28,DANG_THUE
RENT_HCM_000309,47C-365.73,Khach_000285,Hyundai,Accent,2026-04-26,2026-04-28,DA_TRA
RENT_HCM_000310,47U-178.53,Khach_000276,Hyundai,Grand i10,2026-01-15,2026-01-22,DANG_THUE
RENT_HCM_000311,43P-102.95,Khach_000411,Kia,Seltos,2026-11-17,2026-11-20,DA_HUY
RENT_HCM_000312,33P-681.29,Khach_000206,Hyundai,Grand i10,2026-11-26,2026-11-28,DA_HUY
RENT_HCM_000313,34G-600.41,Khach_000392,Hyundai,i10,2026-04-21,2026-04-28,DA_HUY
RENT_HCM_000314,47R-704.48,Khach_000048,Mitsubishi,Xpander,2026-08-05,2026-08-10,DA_TRA
RENT_HCM_000315,34E-237.62,Khach_000370,Ford,Everest,2026-11-14,2026-11-17,DA_TRA
RENT_HCM_000316,36A-260.18,Khach_000322,Hyundai,Accent,2026-08-06,2026-08-12,DA_TRA
RENT_HCM_000317,43K-331.30,Khach_000298,Toyota,Vios,2026-06-04,2026-06-14,DANG_THUE
RENT_HCM_000318,44S-637.22,Khach_000203,Kia,Morning,2026-06-13,2026-06-21,DA_HUY
RENT_HCM_000319,36Z-114.72,Khach_000065,Mitsubishi,Xpander,2026-02-17,2026-02-25,DA_TRA
RENT_HCM_000320,46H-914.62,Khach_000040,Hyundai,i10,2026-02-19,2026-02-28,DA_TRA
RENT_HCM_000321,37I-461.27,Khach_000114,Hyundai,Grand i10,2026-05-18,2026-05-19,DA_TRA
RENT_HCM_000322,44B-848.56,Khach_000401,Toyota,Vios,2026-03-18,2026-03-24,DANG_THUE
RENT_HCM_000323,44Q-633.89,Khach_000268,Hyundai,Accent,2026-04-13,2026-04-17,DANG_THUE
RENT_HCM_000324,37Z-147.70,Khach_000332,Hyundai,Grand i10,2026-07-28,2026-07-28,DA_TRA
RENT_HCM_000325,42B-400.51,Khach_000282,Toyota,Innova,2026-12-27,2026-12-28,DA_TRA
RENT_HCM_000326,32F-779.72,Khach_000269,Hyundai,Grand i10,2026-02-12,2026-02-17,DA_HUY
RENT_HCM_000327,35J-101.78,Khach_000334,VinFast,VF5,2026-10-14,2026-10-24,DA_TRA
RENT_HCM_000328,51K-207.31,Khach_000077,Toyota,Vios,2026-12-21,2026-12-28,DA_HUY
RENT_HCM_000329,44V-319.58,Khach_000261,Toyota,Innova,2026-08-08,2026-08-09,DA_HUY
RENT_HCM_000330,42D-878.77,Khach_000414,Kia,Seltos,2026-10-05,2026-10-13,DANG_THUE
RENT_HCM_000331,34H-205.13,Khach_000132,Hyundai,Grand i10,2026-05-11,2026-05-12,DA_TRA
RENT_HCM_000332,40O-315.94,Khach_000154,Mitsubishi,Xpander,2026-05-08,2026-05-13,DA_HUY
RENT_HCM_000333,32N-886.64,Khach_000461,Mitsubishi,Xpander,2026-06-17,2026-06-27,DA_TRA
RENT_HCM_000334,40F-451.86,Khach_000467,Hyundai,Grand i10,2026-02-16,2026-02-25,DA_TRA
RENT_HCM_000335,41W-706.44,Khach_000435,Mazda,CX-5,2026-10-04,2026-10-12,DANG_THUE
RENT_HCM_000336,36C-836.37,Khach_000202,Toyota,Vios,2026-03-05,2026-03-12,DANG_THUE
RENT_HCM_000337,42Z-961.41,Khach_000322,VinFast,VF5,2026-10-17,2026-10-19,DA_TRA
RENT_HCM_000338,42X-382.87,Khach_000245,Toyota,Innova,2026-08-26,2026-08-28,DA_HUY
RENT_HCM_000339,50N-385.25,Khach_000200,Mitsubishi,Xpander,2026-02-19,2026-02-23,DANG_THUE
RENT_HCM_000340,40A-530.16,Khach_000068,Hyundai,Accent,2026-12-03,2026-12-09,DA_HUY
RENT_HCM_000341,42L-209.96,Khach_000157,VinFast,VF5,2026-07-25,2026-07-28,DANG_THUE
RENT_HCM_000342,29Q-866.19,Khach_000109,Toyota,Vios,2026-08-17,2026-08-24,DA_TRA
RENT_HCM_000343,41B-447.23,Khach_000392,Hyundai,Accent,2026-06-06,2026-06-07,DA_TRA
RENT_HCM_000344,43B-778.99,Khach_000349,Hyundai,i10,2026-12-13,2026-12-16,DANG_THUE
RENT_HCM_000345,47D-167.22,Khach_000152,Hyundai,i10,2026-02-05,2026-02-12,DA_HUY
RENT_HCM_000346,43N-656.15,Khach_000500,Hyundai,Accent,2026-10-07,2026-10-14,DANG_THUE
RENT_HCM_000347,44Q-256.37,Khach_000265,Ford,Everest,2026-06-21,2026-06-23,DA_HUY
RENT_HCM_000348,44L-464.89,Khach_000098,Hyundai,Grand i10,2026-05-15,2026-05-20,DA_TRA
RENT_HCM_000349,37T-259.84,Khach_000386,VinFast,VF5,2026-01-07,2026-01-12,DANG_THUE
RENT_HCM_000350,47A-476.53,Khach_000131,Kia,Seltos,2026-10-20,2026-10-22,DANG_THUE
RENT_HCM_000351,36F-657.58,Khach_000007,Ford,Everest,2026-03-18,2026-03-28,DANG_THUE
RENT_HCM_000352,29Y-158.82,Khach_000245,Hyundai,Grand i10,2026-02-08,2026-02-14,DA_TRA
RENT_HCM_000353,35V-549.50,Khach_000050,Toyota,Innova,2026-06-04,2026-06-06,DA_HUY
RENT_HCM_000354,43T-319.39,Khach_000239,Mitsubishi,Xpander,2026-05-18,2026-05-22,DA_HUY
RENT_HCM_000355,50U-453.51,Khach_000447,Toyota,Innova,2026-12-03,2026-12-11,DA_TRA
RENT_HCM_000356,47R-948.38,Khach_000220,Toyota,Vios,2026-04-08,2026-04-17,DA_HUY
RENT_HCM_000357,46X-327.13,Khach_000232,Mitsubishi,Xpander,2026-08-14,2026-08-21,DA_TRA
RENT_HCM_000358,34Q-505.90,Khach_000308,Ford,Everest,2026-01-13,2026-01-19,DA_HUY
RENT_HCM_000359,51T-195.23,Khach_000257,Kia,Morning,2026-09-02,2026-09-03,DANG_THUE
RENT_HCM_000360,44S-771.17,Khach_000037,Mitsubishi,Xpander,2026-01-03,2026-01-04,DANG_THUE
RENT_HCM_000361,37T-557.96,Khach_000177,Kia,Morning,2026-04-28,2026-04-28,DA_HUY
RENT_HCM_000362,47R-948.79,Khach_000093,Hyundai,Grand i10,2026-03-12,2026-03-13,DA_TRA
RENT_HCM_000363,30T-847.69,Khach_000133,Kia,Morning,2026-01-03,2026-01-04,DA_TRA
RENT_HCM_000364,46H-909.97,Khach_000386,Hyundai,Accent,2026-08-28,2026-08-28,DA_HUY
RENT_HCM_000365,34D-109.28,Khach_000309,Hyundai,i10,2026-10-02,2026-10-09,DA_HUY
RENT_HCM_000366,49B-530.57,Khach_000486,Hyundai,i10,2026-10-04,2026-10-07,DA_TRA
RENT_HCM_000367,40P-202.98,Khach_000292,VinFast,VF5,2026-09-15,2026-09-24,DA_TRA
RENT_HCM_000368,30D-240.69,Khach_000170,Toyota,Innova,2026-12-17,2026-12-20,DANG_THUE
RENT_HCM_000369,41L-438.43,Khach_000221,Hyundai,Grand i10,2026-08-05,2026-08-15,DANG_THUE
RENT_HCM_000370,44D-935.31,Khach_000099,Kia,Morning,2026-11-01,2026-11-08,DA_HUY
RENT_HCM_000371,36V-704.35,Khach_000432,Ford,Everest,2026-11-08,2026-11-18,DA_TRA
RENT_HCM_000372,34T-672.32,Khach_000231,VinFast,VF5,2026-11-21,2026-11-28,DA_TRA
RENT_HCM_000373,30R-262.79,Khach_000089,Hyundai,i10,2026-07-22,2026-07-28,DANG_THUE
RENT_HCM_000374,45B-585.94,Khach_000083,Toyota,Innova,2026-02-20,2026-02-28,DANG_THUE
RENT_HCM_000375,40F-968.83,Khach_000254,Toyota,Innova,2026-11-10,2026-11-18,DA_TRA
RENT_HCM_000376,46P-782.58,Khach_000255,Honda,City,2026-04-03,2026-04-09,DANG_THUE
RENT_HCM_000377,42W-184.71,Khach_000319,Ford,Everest,2026-10-13,2026-10-15,DANG_THUE
RENT_HCM_000378,47A-602.51,Khach_000124,Mazda,CX-5,2026-09-25,2026-09-28,DANG_THUE
RENT_HCM_000379,49K-274.18,Khach_000401,Honda,City,2026-03-09,2026-03-15,DA_HUY
RENT_HCM_000380,43Q-833.75,Khach_000095,Mazda,CX-5,2026-05-11,2026-05-19,DA_TRA
RENT_HCM_000381,48A-571.59,Khach_000382,Ford,Everest,2026-01-24,2026-01-28,DANG_THUE
RENT_HCM_000382,46Y-774.28,Khach_000185,Mazda,CX-5,2026-04-22,2026-04-24,DA_HUY
RENT_HCM_000383,40W-523.37,Khach_000500,Toyota,Innova,2026-05-11,2026-05-16,DA_TRA
RENT_HCM_000384,33X-802.74,Khach_000298,Toyota,Innova,2026-05-19,2026-05-24,DANG_THUE
RENT_HCM_000385,29A-260.72,Khach_000311,Hyundai,Accent,2026-05-06,2026-05-14,DA_TRA
RENT_HCM_000386,49P-462.18,Khach_000241,Kia,Seltos,2026-08-21,2026-08-22,DANG_THUE
RENT_HCM_000387,45O-302.62,Khach_000281,Toyota,Vios,2026-08-14,2026-08-21,DA_TRA
RENT_HCM_000388,29H-641.82,Khach_000414,Hyundai,i10,2026-06-18,2026-06-19,DANG_THUE
RENT_HCM_000389,46I-725.15,Khach_000394,VinFast,VF5,2026-09-06,2026-09-14,DA_HUY
RENT_HCM_000390,37L-568.56,Khach_000074,Toyota,Innova,2026-04-21,2026-04-26,DANG_THUE
RENT_HCM_000391,30F-434.17,Khach_000300,Mitsubishi,Xpander,2026-09-22,2026-09-28,DA_HUY
RENT_HCM_000392,32Q-369.93,Khach_000212,Honda,City,2026-08-14,2026-08-22,DANG_THUE
RENT_HCM_000393,51K-717.20,Khach_000421,Mazda,CX-5,2026-05-21,2026-05-27,DA_HUY
RENT_HCM_000394,42E-282.62,Khach_000182,VinFast,VF5,2026-05-05,2026-05-06,DA_HUY
RENT_HCM_000395,42V-627.12,Khach_000137,Mazda,CX-5,2026-07-27,2026-07-28,DA_HUY
RENT_HCM_000396,48G-150.94,Khach_000216,Hyundai,Accent,2026-11-11,2026-11-20,DA_TRA
RENT_HCM_000397,39U-532.26,Khach_000230,VinFast,VF5,2026-06-20,2026-06-22,DA_TRA
RENT_HCM_000398,49S-144.17,Khach_000249,Ford,Everest,2026-06-22,2026-06-28,DANG_THUE
RENT_HCM_000399,34E-151.78,Khach_000306,Toyota,Innova,2026-02-12,2026-02-20,DA_HUY
RENT_HCM_000400,29Y-524.69,Khach_000035,Hyundai,i10,2026-01-02,2026-01-05,DANG_THUE
RENT_HCM_000401,35G-348.33,Khach_000455,Mitsubishi,Xpander,2026-03-28,2026-03-28,DA_TRA
RENT_HCM_000402,48L-485.78,Khach_000390,Hyundai,i10,2026-01-05,2026-01-10,DA_HUY
RENT_HCM_000403,43B-141.13,Khach_000455,Kia,Seltos,2026-02-10,2026-02-16,DANG_THUE
RENT_HCM_000404,30J-794.46,Khach_000451,Hyundai,Accent,2026-01-21,2026-01-28,DA_TRA
RENT_HCM_000405,49O-215.96,Khach_000470,Hyundai,Grand i10,2026-01-24,2026-01-28,DA_HUY
RENT_HCM_000406,40T-661.33,Khach_000492,VinFast,VF5,2026-04-05,2026-04-12,DA_HUY
RENT_HCM_000407,36O-272.27,Khach_000233,Hyundai,i10,2026-12-27,2026-12-28,DA_HUY
RENT_HCM_000408,29C-264.41,Khach_000076,Mazda,CX-5,2026-03-12,2026-03-15,DANG_THUE
RENT_HCM_000409,41O-715.86,Khach_000263,VinFast,VF5,2026-02-07,2026-02-16,DA_TRA
RENT_HCM_000410,47B-588.75,Khach_000355,Kia,Seltos,2026-07-18,2026-07-19,DANG_THUE
RENT_HCM_000411,38M-862.51,Khach_000084,Toyota,Innova,2026-12-19,2026-12-28,DANG_THUE
RENT_HCM_000412,48M-187.70,Khach_000207,Kia,Morning,2026-08-21,2026-08-27,DANG_THUE
RENT_HCM_000413,31N-808.15,Khach_000405,Hyundai,Grand i10,2026-06-28,2026-06-28,DA_HUY
RENT_HCM_000414,36F-547.80,Khach_000130,Ford,Everest,2026-02-16,2026-02-20,DA_HUY
RENT_HCM_000415,29N-778.78,Khach_000103,Toyota,Innova,2026-11-19,2026-11-28,DANG_THUE
RENT_HCM_000416,50G-329.88,Khach_000227,Kia,Seltos,2026-12-22,2026-12-28,DA_TRA
RENT_HCM_000417,31B-597.12,Khach_000233,Hyundai,Grand i10,2026-11-08,2026-11-14,DA_TRA
RENT_HCM_000418,37C-818.54,Khach_000330,Kia,Morning,2026-10-12,2026-10-16,DANG_THUE
RENT_HCM_000419,33Z-496.79,Khach_000103,Hyundai,Accent,2026-07-03,2026-07-06,DA_TRA
RENT_HCM_000420,35P-781.81,Khach_000318,Hyundai,i10,2026-10-18,2026-10-22,DANG_THUE
RENT_HCM_000421,40N-907.92,Khach_000080,Kia,Morning,2026-09-16,2026-09-24,DANG_THUE
RENT_HCM_000422,37W-652.38,Khach_000454,Ford,Everest,2026-04-05,2026-04-15,DA_TRA
RENT_HCM_000423,29F-638.22,Khach_000093,Hyundai,Grand i10,2026-11-21,2026-11-28,DA_HUY
RENT_HCM_000424,47L-381.23,Khach_000309,VinFast,VF5,2026-02-24,2026-02-28,DANG_THUE
RENT_HCM_000425,36N-765.82,Khach_000485,VinFast,VF5,2026-06-14,2026-06-24,DANG_THUE
RENT_HCM_000426,36Q-752.70,Khach_000084,VinFast,VF5,2026-11-28,2026-11-28,DA_TRA
RENT_HCM_000427,44A-216.24,Khach_000281,Toyota,Innova,2026-07-01,2026-07-09,DA_HUY
RENT_HCM_000428,37C-288.90,Khach_000367,VinFast,VF5,2026-03-10,2026-03-19,DANG_THUE
RENT_HCM_000429,31O-926.83,Khach_000356,Mitsubishi,Xpander,2026-04-28,2026-04-28,DA_HUY
RENT_HCM_000430,36L-686.83,Khach_000180,Hyundai,i10,2026-06-23,2026-06-28,DA_HUY
RENT_HCM_000431,34E-572.40,Khach_000357,Toyota,Innova,2026-10-03,2026-10-05,DA_HUY
RENT_HCM_000432,49D-478.31,Khach_000175,Mazda,CX-5,2026-06-06,2026-06-14,DA_TRA
RENT_HCM_000433,42Q-491.68,Khach_000177,Mazda,CX-5,2026-11-23,2026-11-28,DA_HUY
RENT_HCM_000434,29Q-328.98,Khach_000064,Mazda,CX-5,2026-09-03,2026-09-07,DANG_THUE
RENT_HCM_000435,44B-103.71,Khach_000088,Hyundai,Accent,2026-11-19,2026-11-22,DA_HUY
RENT_HCM_000436,30H-165.85,Khach_000323,Hyundai,Grand i10,2026-09-25,2026-09-28,DANG_THUE
RENT_HCM_000437,30F-424.37,Khach_000017,Mitsubishi,Xpander,2026-04-12,2026-04-19,DA_HUY
RENT_HCM_000438,34W-913.94,Khach_000384,Mitsubishi,Xpander,2026-10-02,2026-10-09,DA_HUY
RENT_HCM_000439,49X-685.33,Khach_000337,Toyota,Vios,2026-07-05,2026-07-07,DA_TRA
RENT_HCM_000440,34L-441.50,Khach_000434,Hyundai,Grand i10,2026-07-04,2026-07-08,DA_TRA
RENT_HCM_000441,40C-822.97,Khach_000212,Toyota,Vios,2026-01-12,2026-01-20,DANG_THUE
RENT_HCM_000442,31H-969.92,Khach_000431,Mazda,CX-5,2026-04-28,2026-04-28,DA_HUY
RENT_HCM_000443,48U-729.77,Khach_000010,VinFast,VF5,2026-12-18,2026-12-26,DA_TRA
RENT_HCM_000444,41V-665.37,Khach_000142,Honda,City,2026-11-13,2026-11-15,DANG_THUE
RENT_HCM_000445,30O-208.73,Khach_000049,Hyundai,i10,2026-03-02,2026-03-03,DA_TRA
RENT_HCM_000446,47H-355.52,Khach_000300,Toyota,Vios,2026-04-07,2026-04-10,DA_HUY
RENT_HCM_000447,30B-638.76,Khach_000453,Ford,Everest,2026-11-25,2026-11-28,DANG_THUE
RENT_HCM_000448,51X-406.63,Khach_000093,Honda,City,2026-01-15,2026-01-18,DA_HUY
RENT_HCM_000449,38A-356.81,Khach_000292,Hyundai,i10,2026-12-23,2026-12-28,DA_TRA
RENT_HCM_000450,34B-692.56,Khach_000417,Hyundai,Accent,2026-08-14,2026-08-16,DA_HUY
RENT_HCM_000451,29X-572.18,Khach_000336,Ford,Everest,2026-10-02,2026-10-11,DA_HUY
RENT_HCM_000452,44N-122.61,Khach_000216,Toyota,Vios,2026-04-26,2026-04-28,DA_TRA
RENT_HCM_000453,36P-223.79,Khach_000448,Toyota,Innova,2026-06-05,2026-06-12,DA_HUY
RENT_HCM_000454,47P-500.66,Khach_000353,Honda,City,2026-03-19,2026-03-25,DANG_THUE
RENT_HCM_000455,47J-310.19,Khach_000245,VinFast,VF5,2026-08-08,2026-08-18,DANG_THUE
RENT_HCM_000456,51T-525.64,Khach_000254,Hyundai,i10,2026-08-12,2026-08-13,DA_HUY
RENT_HCM_000457,29J-102.32,Khach_000237,Honda,City,2026-01-26,2026-01-28,DANG_THUE
RENT_HCM_000458,39Z-522.34,Khach_000167,Kia,Morning,2026-06-18,2026-06-20,DA_TRA
RENT_HCM_000459,39H-502.64,Khach_000104,Honda,City,2026-07-16,2026-07-17,DA_HUY
RENT_HCM_000460,48F-144.10,Khach_000019,Ford,Everest,2026-02-08,2026-02-12,DA_TRA
RENT_HCM_000461,34O-494.82,Khach_000257,Hyundai,Grand i10,2026-04-02,2026-04-12,DANG_THUE
RENT_HCM_000462,35C-835.45,Khach_000310,Mitsubishi,Xpander,2026-02-15,2026-02-19,DA_HUY
RENT_HCM_000463,29W-617.55,Khach_000248,Mazda,CX-5,2026-09-02,2026-09-12,DA_TRA
RENT_HCM_000464,32H-936.21,Khach_000198,Hyundai,Grand i10,2026-06-21,2026-06-26,DA_HUY
RENT_HCM_000465,34S-703.91,Khach_000305,Mazda,CX-5,2026-04-09,2026-04-18,DA_HUY
RENT_HCM_000466,45V-958.95,Khach_000001,Ford,Everest,2026-08-01,2026-08-02,DA_HUY
RENT_HCM_000467,29B-846.33,Khach_000303,Ford,Everest,2026-09-08,2026-09-10,DA_TRA
RENT_HCM_000468,44L-820.44,Khach_000185,Toyota,Innova,2026-02-17,2026-02-22,DA_TRA
RENT_HCM_000469,38B-910.77,Khach_000041,Hyundai,i10,2026-05-21,2026-05-28,DA_TRA
RENT_HCM_000470,43R-681.70,Khach_000182,Ford,Everest,2026-08-17,2026-08-18,DA_TRA
RENT_HCM_000471,31X-224.67,Khach_000307,Toyota,Innova,2026-11-05,2026-11-13,DA_TRA
RENT_HCM_000472,41X-766.20,Khach_000034,Mitsubishi,Xpander,2026-07-28,2026-07-28,DA_HUY
RENT_HCM_000473,41K-725.11,Khach_000148,Kia,Morning,2026-06-03,2026-06-09,DA_TRA
RENT_HCM_000474,47D-919.13,Khach_000280,Hyundai,Accent,2026-05-14,2026-05-22,DA_HUY
RENT_HCM_000475,37V-160.68,Khach_000347,Ford,Everest,2026-06-12,2026-06-19,DANG_THUE
RENT_HCM_000476,48H-588.34,Khach_000396,Honda,City,2026-06-07,2026-06-15,DA_TRA
RENT_HCM_000477,42W-505.84,Khach_000460,Mitsubishi,Xpander,2026-06-03,2026-06-07,DA_HUY
RENT_HCM_000478,37J-111.62,Khach_000302,Toyota,Vios,2026-09-12,2026-09-19,DA_TRA
RENT_HCM_000479,32E-560.43,Khach_000216,Honda,City,2026-02-02,2026-02-11,DA_HUY
RENT_HCM_000480,36E-951.41,Khach_000013,Kia,Seltos,2026-08-11,2026-08-18,DANG_THUE
RENT_HCM_000481,47B-447.40,Khach_000206,Honda,City,2026-04-03,2026-04-10,DA_HUY
RENT_HCM_000482,48J-577.64,Khach_000110,Kia,Seltos,2026-12-16,2026-12-21,DANG_THUE
RENT_HCM_000483,51D-250.71,Khach_000244,Hyundai,Accent,2026-01-28,2026-01-28,DA_TRA
RENT_HCM_000484,31J-222.96,Khach_000020,Hyundai,Accent,2026-01-26,2026-01-28,DA_TRA
RENT_HCM_000485,36A-455.24,Khach_000379,Toyota,Innova,2026-06-14,2026-06-17,DANG_THUE
RENT_HCM_000486,37D-851.91,Khach_000479,Hyundai,Grand i10,2026-04-14,2026-04-23,DA_TRA
RENT_HCM_000487,41V-995.64,Khach_000493,Toyota,Innova,2026-04-17,2026-04-27,DANG_THUE
RENT_HCM_000488,51K-127.45,Khach_000171,Mitsubishi,Xpander,2026-07-28,2026-07-28,DA_TRA
RENT_HCM_000489,32O-579.59,Khach_000382,Hyundai,Accent,2026-11-24,2026-11-28,DA_TRA
RENT_HCM_000490,45G-844.37,Khach_000098,Hyundai,Accent,2026-01-15,2026-01-19,DA_HUY
RENT_HCM_000491,48Z-311.34,Khach_000280,Kia,Seltos,2026-05-05,2026-05-11,DA_TRA
RENT_HCM_000492,32L-999.22,Khach_000314,Mitsubishi,Xpander,2026-06-06,2026-06-11,DA_HUY
RENT_HCM_000493,35W-761.99,Khach_000313,Hyundai,i10,2026-07-23,2026-07-28,DA_TRA
RENT_HCM_000494,32K-757.28,Khach_000020,Ford,Everest,2026-06-20,2026-06-26,DA_HUY
RENT_HCM_000495,42Z-219.30,Khach_000456,Honda,City,2026-09-10,2026-09-16,DA_TRA
RENT_HCM_000496,46D-134.88,Khach_000397,Kia,Seltos,2026-02-02,2026-02-10,DA_HUY
RENT_HCM_000497,29W-520.34,Khach_000473,VinFast,VF5,2026-02-27,2026-02-28,DA_TRA
RENT_HCM_000498,46M-184.98,Khach_000433,Kia,Morning,2026-08-09,2026-08-13,DA_TRA
RENT_HCM_000499,41F-570.35,Khach_000382,Kia,Morning,2026-05-17,2026-05-23,DA_HUY
RENT_HCM_000500,45P-426.54,Khach_000434,Ford,Everest,2026-12-13,2026-12-18,DA_TRA
RENT_HCM_000501,42T-641.84,Khach_000288,Mitsubishi,Xpander,2026-12-14,2026-12-17,DA_HUY
RENT_HCM_000502,29W-153.19,Khach_000221,Honda,City,2026-11-09,2026-11-18,DANG_THUE
RENT_HCM_000503,34W-380.15,Khach_000225,Toyota,Vios,2026-07-28,2026-07-28,DANG_THUE
RENT_HCM_000504,46A-760.93,Khach_000239,VinFast,VF5,2026-09-01,2026-09-09,DA_HUY
RENT_HCM_000505,43D-574.72,Khach_000150,Honda,City,2026-05-23,2026-05-28,DA_TRA
RENT_HCM_000506,41F-759.35,Khach_000480,Mitsubishi,Xpander,2026-01-28,2026-01-28,DANG_THUE
RENT_HCM_000507,31V-995.70,Khach_000148,Toyota,Vios,2026-01-02,2026-01-10,DA_TRA
RENT_HCM_000508,30T-669.85,Khach_000072,Toyota,Vios,2026-10-27,2026-10-28,DA_HUY
RENT_HCM_000509,49T-828.69,Khach_000424,Mazda,CX-5,2026-08-03,2026-08-04,DA_TRA
RENT_HCM_000510,35C-750.53,Khach_000205,Mazda,CX-5,2026-05-01,2026-05-02,DANG_THUE
RENT_HCM_000511,43C-594.41,Khach_000405,Kia,Seltos,2026-12-20,2026-12-21,DANG_THUE
RENT_HCM_000512,48N-190.95,Khach_000151,Mazda,CX-5,2026-01-04,2026-01-10,DA_HUY
RENT_HCM_000513,39S-318.81,Khach_000026,Toyota,Innova,2026-01-20,2026-01-25,DA_HUY
RENT_HCM_000514,48G-290.36,Khach_000141,Hyundai,Grand i10,2026-10-09,2026-10-19,DANG_THUE
RENT_HCM_000515,29X-339.46,Khach_000162,Kia,Seltos,2026-06-24,2026-06-27,DA_TRA
RENT_HCM_000516,29Z-297.67,Khach_000303,Hyundai,Accent,2026-05-12,2026-05-19,DA_HUY
RENT_HCM_000517,45X-269.21,Khach_000253,Ford,Everest,2026-06-13,2026-06-19,DA_HUY
RENT_HCM_000518,43B-599.66,Khach_000342,Kia,Seltos,2026-03-13,2026-03-21,DANG_THUE
RENT_HCM_000519,35U-372.84,Khach_000277,Kia,Seltos,2026-07-04,2026-07-06,DA_HUY
RENT_HCM_000520,38H-748.79,Khach_000249,Toyota,Innova,2026-04-25,2026-04-27,DA_HUY
RENT_HCM_000521,35B-749.66,Khach_000376,Hyundai,Grand i10,2026-04-03,2026-04-04,DANG_THUE
RENT_HCM_000522,45B-804.56,Khach_000139,Honda,City,2026-09-26,2026-09-27,DA_TRA
RENT_HCM_000523,36A-520.85,Khach_000124,VinFast,VF5,2026-09-03,2026-09-07,DA_HUY
RENT_HCM_000524,31J-844.19,Khach_000136,Kia,Seltos,2026-11-25,2026-11-28,DA_TRA
RENT_HCM_000525,50X-916.81,Khach_000218,Kia,Morning,2026-11-11,2026-11-15,DA_HUY
RENT_HCM_000526,31C-707.96,Khach_000345,Toyota,Vios,2026-06-16,2026-06-20,DA_HUY
RENT_HCM_000527,44S-859.66,Khach_000003,Toyota,Innova,2026-03-08,2026-03-16,DA_HUY
RENT_HCM_000528,35Z-264.69,Khach_000382,Toyota,Innova,2026-12-19,2026-12-27,DA_HUY
RENT_HCM_000529,39C-342.36,Khach_000392,Honda,City,2026-08-28,2026-08-28,DANG_THUE
RENT_HCM_000530,37Y-548.42,Khach_000251,Ford,Everest,2026-06-14,2026-06-19,DANG_THUE
RENT_HCM_000531,46J-670.28,Khach_000186,Toyota,Vios,2026-01-25,2026-01-28,DANG_THUE
RENT_HCM_000532,38V-596.47,Khach_000427,Mazda,CX-5,2026-03-11,2026-03-18,DA_HUY
RENT_HCM_000533,43W-757.52,Khach_000109,Mitsubishi,Xpander,2026-09-22,2026-09-28,DANG_THUE
RENT_HCM_000534,50D-455.36,Khach_000327,Toyota,Innova,2026-09-21,2026-09-25,DA_HUY
RENT_HCM_000535,44K-146.68,Khach_000358,Kia,Morning,2026-03-17,2026-03-26,DANG_THUE
RENT_HCM_000536,44J-138.35,Khach_000030,Mitsubishi,Xpander,2026-02-22,2026-02-28,DA_TRA
RENT_HCM_000537,44V-189.34,Khach_000008,Hyundai,Accent,2026-05-26,2026-05-28,DA_HUY
RENT_HCM_000538,50D-738.11,Khach_000208,Toyota,Vios,2026-06-21,2026-06-26,DANG_THUE
RENT_HCM_000539,35P-915.57,Khach_000005,Mazda,CX-5,2026-06-25,2026-06-28,DANG_THUE
RENT_HCM_000540,46R-457.56,Khach_000157,Kia,Morning,2026-10-08,2026-10-16,DANG_THUE
RENT_HCM_000541,48Z-218.56,Khach_000063,Kia,Seltos,2026-01-03,2026-01-11,DA_TRA
RENT_HCM_000542,33D-430.82,Khach_000134,Kia,Morning,2026-01-10,2026-01-13,DA_TRA
RENT_HCM_000543,34N-765.79,Khach_000175,Honda,City,2026-05-16,2026-05-17,DA_TRA
RENT_HCM_000544,41Q-696.36,Khach_000489,Ford,Everest,2026-11-19,2026-11-20,DA_TRA
RENT_HCM_000545,42U-846.90,Khach_000391,Hyundai,i10,2026-06-06,2026-06-10,DANG_THUE
RENT_HCM_000546,45B-909.37,Khach_000115,VinFast,VF5,2026-03-17,2026-03-22,DA_TRA
RENT_HCM_000547,44M-153.77,Khach_000029,Kia,Seltos,2026-12-28,2026-12-28,DANG_THUE
RENT_HCM_000548,43Z-577.80,Khach_000273,Honda,City,2026-12-16,2026-12-17,DA_HUY
RENT_HCM_000549,45F-284.42,Khach_000099,Honda,City,2026-02-26,2026-02-28,DA_HUY
RENT_HCM_000550,35P-383.80,Khach_000074,VinFast,VF5,2026-10-15,2026-10-22,DA_HUY
RENT_HCM_000551,43R-247.44,Khach_000131,Mitsubishi,Xpander,2026-05-27,2026-05-28,DA_TRA
RENT_HCM_000552,41M-752.36,Khach_000446,Toyota,Vios,2026-09-20,2026-09-21,DA_HUY
RENT_HCM_000553,40A-937.23,Khach_000317,Hyundai,Accent,2026-06-02,2026-06-04,DA_TRA
RENT_HCM_000554,46N-371.96,Khach_000122,Hyundai,Grand i10,2026-07-27,2026-07-28,DA_HUY
RENT_HCM_000555,50H-658.16,Khach_000405,Mitsubishi,Xpander,2026-06-16,2026-06-22,DANG_THUE
RENT_HCM_000556,41B-512.48,Khach_000084,Ford,Everest,2026-06-14,2026-06-17,DA_HUY
RENT_HCM_000557,32V-706.14,Khach_000492,VinFast,VF5,2026-10-15,2026-10-24,DA_TRA
RENT_HCM_000558,31Y-693.31,Khach_000099,Honda,City,2026-12-14,2026-12-24,DA_TRA
RENT_HCM_000559,41Z-957.74,Khach_000286,Hyundai,Accent,2026-04-13,2026-04-18,DA_HUY
RENT_HCM_000560,33B-258.63,Khach_000312,Toyota,Vios,2026-12-01,2026-12-03,DA_HUY
RENT_HCM_000561,37X-758.81,Khach_000473,Mazda,CX-5,2026-12-12,2026-12-18,DA_HUY
RENT_HCM_000562,38T-970.97,Khach_000081,Ford,Everest,2026-06-22,2026-06-28,DANG_THUE
RENT_HCM_000563,39Q-308.32,Khach_000334,Mitsubishi,Xpander,2026-02-27,2026-02-28,DA_HUY
RENT_HCM_000564,42M-869.79,Khach_000007,Ford,Everest,2026-01-22,2026-01-26,DA_TRA
RENT_HCM_000565,47F-596.93,Khach_000318,Toyota,Vios,2026-03-23,2026-03-27,DANG_THUE
RENT_HCM_000566,47S-563.86,Khach_000048,Hyundai,i10,2026-06-07,2026-06-08,DA_TRA
RENT_HCM_000567,29R-905.53,Khach_000060,Ford,Everest,2026-04-05,2026-04-09,DA_HUY
RENT_HCM_000568,40Z-959.92,Khach_000023,Kia,Seltos,2026-10-14,2026-10-18,DA_TRA
RENT_HCM_000569,29T-181.45,Khach_000461,Toyota,Vios,2026-12-13,2026-12-19,DANG_THUE
RENT_HCM_000570,51U-659.42,Khach_000126,Hyundai,Grand i10,2026-07-17,2026-07-21,DA_TRA
RENT_HCM_000571,49G-862.69,Khach_000096,Ford,Everest,2026-12-28,2026-12-28,DANG_THUE
RENT_HCM_000572,46F-855.55,Khach_000020,Hyundai,Accent,2026-01-27,2026-01-28,DANG_THUE
RENT_HCM_000573,34H-711.88,Khach_000477,Kia,Morning,2026-07-21,2026-07-26,DA_TRA
RENT_HCM_000574,36N-484.62,Khach_000381,Ford,Everest,2026-04-05,2026-04-09,DA_TRA
RENT_HCM_000575,48Y-913.90,Khach_000448,Hyundai,Grand i10,2026-06-22,2026-06-28,DA_HUY
RENT_HCM_000576,41M-899.52,Khach_000103,Hyundai,Accent,2026-08-08,2026-08-10,DANG_THUE
RENT_HCM_000577,29W-634.39,Khach_000104,Honda,City,2026-01-11,2026-01-12,DANG_THUE
RENT_HCM_000578,39N-891.94,Khach_000206,Toyota,Innova,2026-10-24,2026-10-28,DANG_THUE
RENT_HCM_000579,46S-754.39,Khach_000387,Hyundai,Grand i10,2026-08-24,2026-08-26,DA_TRA
RENT_HCM_000580,30O-516.88,Khach_000142,Hyundai,i10,2026-06-27,2026-06-28,DA_TRA
RENT_HCM_000581,41T-592.21,Khach_000001,Honda,City,2026-05-02,2026-05-08,DA_TRA
RENT_HCM_000582,33Z-750.14,Khach_000114,Hyundai,Accent,2026-04-01,2026-04-05,DA_TRA
RENT_HCM_000583,30A-894.30,Khach_000366,Hyundai,Accent,2026-12-09,2026-12-12,DA_HUY
RENT_HCM_000584,38T-676.69,Khach_000426,Mitsubishi,Xpander,2026-06-18,2026-06-22,DA_HUY
RENT_HCM_000585,34S-836.39,Khach_000410,Hyundai,i10,2026-03-04,2026-03-08,DA_TRA
RENT_HCM_000586,38U-999.91,Khach_000494,Hyundai,Accent,2026-10-22,2026-10-26,DA_TRA
RENT_HCM_000587,37R-234.63,Khach_000040,Hyundai,Grand i10,2026-07-22,2026-07-28,DANG_THUE
RENT_HCM_000588,40U-342.25,Khach_000293,Hyundai,i10,2026-12-18,2026-12-19,DA_TRA
RENT_HCM_000589,50P-425.33,Khach_000149,Honda,City,2026-09-04,2026-09-12,DA_TRA
RENT_HCM_000590,45N-802.19,Khach_000255,Hyundai,Accent,2026-05-28,2026-05-28,DA_TRA
RENT_HCM_000591,33S-243.84,Khach_000358,Toyota,Innova,2026-06-23,2026-06-28,DANG_THUE
RENT_HCM_000592,48S-212.72,Khach_000432,Hyundai,Grand i10,2026-04-01,2026-04-10,DANG_THUE
RENT_HCM_000593,33I-227.27,Khach_000169,Honda,City,2026-12-05,2026-12-14,DANG_THUE
RENT_HCM_000594,44S-788.73,Khach_000282,Kia,Morning,2026-12-16,2026-12-21,DANG_THUE
RENT_HCM_000595,40E-534.44,Khach_000394,Hyundai,Grand i10,2026-09-26,2026-09-28,DANG_THUE
RENT_HCM_000596,31V-803.12,Khach_000006,Mitsubishi,Xpander,2026-09-18,2026-09-28,DA_HUY
RENT_HCM_000597,41G-187.49,Khach_000354,Kia,Seltos,2026-10-20,2026-10-26,DA_TRA
RENT_HCM_000598,38B-586.97,Khach_000253,Hyundai,i10,2026-09-14,2026-09-23,DANG_THUE
RENT_HCM_000599,45U-965.26,Khach_000277,VinFast,VF5,2026-05-07,2026-05-09,DA_HUY
RENT_HCM_000600,44E-827.87,Khach_000156,Honda,City,2026-04-09,2026-04-18,DA_HUY
RENT_HCM_000601,30U-551.70,Khach_000126,Hyundai,i10,2026-08-27,2026-08-28,DA_HUY
RENT_HCM_000602,43X-983.84,Khach_000007,Hyundai,Accent,2026-09-05,2026-09-06,DANG_THUE
RENT_HCM_000603,37H-117.59,Khach_000154,Hyundai,Accent,2026-05-12,2026-05-19,DA_HUY
RENT_HCM_000604,49T-487.40,Khach_000203,Honda,City,2026-01-07,2026-01-15,DA_TRA
RENT_HCM_000605,36L-175.35,Khach_000344,Mazda,CX-5,2026-04-03,2026-04-04,DANG_THUE
RENT_HCM_000606,51Y-443.43,Khach_000322,Mitsubishi,Xpander,2026-09-21,2026-09-28,DANG_THUE
RENT_HCM_000607,47K-802.27,Khach_000377,Honda,City,2026-02-28,2026-02-28,DANG_THUE
RENT_HCM_000608,50L-947.34,Khach_000492,Toyota,Vios,2026-01-13,2026-01-19,DA_HUY
RENT_HCM_000609,41Z-192.26,Khach_000057,VinFast,VF5,2026-05-16,2026-05-24,DANG_THUE
RENT_HCM_000610,33K-623.73,Khach_000174,Kia,Seltos,2026-05-03,2026-05-06,DA_TRA
RENT_HCM_000611,46M-565.28,Khach_000135,Honda,City,2026-04-16,2026-04-23,DA_HUY
RENT_HCM_000612,42P-229.97,Khach_000039,Hyundai,Accent,2026-01-26,2026-01-28,DANG_THUE
RENT_HCM_000613,45C-487.36,Khach_000301,Kia,Morning,2026-08-03,2026-08-10,DA_TRA
RENT_HCM_000614,45A-677.34,Khach_000484,Hyundai,Grand i10,2026-04-16,2026-04-23,DA_TRA
RENT_HCM_000615,42P-704.73,Khach_000157,Kia,Seltos,2026-04-07,2026-04-13,DANG_THUE
RENT_HCM_000616,31Y-256.87,Khach_000054,Kia,Morning,2026-02-18,2026-02-28,DANG_THUE
RENT_HCM_000617,29W-945.76,Khach_000102,Mitsubishi,Xpander,2026-08-18,2026-08-26,DA_TRA
RENT_HCM_000618,43K-145.71,Khach_000008,Hyundai,Grand i10,2026-07-27,2026-07-28,DA_TRA
RENT_HCM_000619,34Y-945.50,Khach_000200,Mazda,CX-5,2026-11-18,2026-11-20,DA_HUY
RENT_HCM_000620,44Z-293.70,Khach_000052,Kia,Morning,2026-01-21,2026-01-26,DANG_THUE
RENT_HCM_000621,30T-901.18,Khach_000459,Mitsubishi,Xpander,2026-06-25,2026-06-28,DA_HUY
RENT_HCM_000622,39S-561.49,Khach_000005,VinFast,VF5,2026-08-07,2026-08-14,DA_TRA
RENT_HCM_000623,45G-703.67,Khach_000358,Hyundai,Accent,2026-02-19,2026-02-21,DA_HUY
RENT_HCM_000624,49T-145.88,Khach_000007,Toyota,Vios,2026-03-10,2026-03-13,DANG_THUE
RENT_HCM_000625,49G-169.34,Khach_000032,Hyundai,Grand i10,2026-06-12,2026-06-20,DANG_THUE
RENT_HCM_000626,42R-637.64,Khach_000041,Hyundai,Grand i10,2026-12-10,2026-12-19,DA_HUY
RENT_HCM_000627,40V-444.82,Khach_000468,Hyundai,i10,2026-07-23,2026-07-26,DA_TRA
RENT_HCM_000628,34T-562.65,Khach_000370,VinFast,VF5,2026-07-09,2026-07-10,DA_HUY
RENT_HCM_000629,33X-484.43,Khach_000293,Mitsubishi,Xpander,2026-07-10,2026-07-13,DA_HUY
RENT_HCM_000630,48X-923.43,Khach_000334,Toyota,Vios,2026-10-23,2026-10-28,DA_TRA
RENT_HCM_000631,43G-886.66,Khach_000354,Ford,Everest,2026-06-14,2026-06-19,DA_TRA
RENT_HCM_000632,47Y-229.68,Khach_000033,Kia,Morning,2026-10-15,2026-10-18,DA_HUY
RENT_HCM_000633,33A-638.49,Khach_000151,Honda,City,2026-07-12,2026-07-13,DA_TRA
RENT_HCM_000634,33Y-125.54,Khach_000053,Hyundai,i10,2026-10-20,2026-10-25,DANG_THUE
RENT_HCM_000635,50G-467.68,Khach_000080,Toyota,Innova,2026-02-15,2026-02-16,DA_HUY
RENT_HCM_000636,46R-948.26,Khach_000442,Mazda,CX-5,2026-10-24,2026-10-28,DA_TRA
RENT_HCM_000637,29H-825.19,Khach_000156,VinFast,VF5,2026-03-13,2026-03-19,DA_TRA
RENT_HCM_000638,46J-329.58,Khach_000178,Toyota,Vios,2026-10-25,2026-10-28,DA_HUY
RENT_HCM_000639,47X-294.37,Khach_000478,Mitsubishi,Xpander,2026-04-18,2026-04-22,DA_TRA
RENT_HCM_000640,34Y-344.55,Khach_000440,Hyundai,i10,2026-02-26,2026-02-28,DANG_THUE
RENT_HCM_000641,37N-845.59,Khach_000098,Kia,Seltos,2026-11-23,2026-11-28,DA_HUY
RENT_HCM_000642,39W-410.85,Khach_000375,Hyundai,Grand i10,2026-06-01,2026-06-08,DANG_THUE
RENT_HCM_000643,38R-513.24,Khach_000090,Mazda,CX-5,2026-09-11,2026-09-14,DA_TRA
RENT_HCM_000644,46E-486.20,Khach_000001,Ford,Everest,2026-09-15,2026-09-23,DA_HUY
RENT_HCM_000645,41E-367.56,Khach_000042,Hyundai,Grand i10,2026-01-12,2026-01-14,DA_HUY
RENT_HCM_000646,31G-893.90,Khach_000178,Honda,City,2026-02-17,2026-02-20,DANG_THUE
RENT_HCM_000647,36P-290.56,Khach_000123,Hyundai,Accent,2026-01-07,2026-01-11,DANG_THUE
RENT_HCM_000648,46F-402.31,Khach_000481,Kia,Seltos,2026-08-28,2026-08-28,DA_TRA
RENT_HCM_000649,49L-778.47,Khach_000271,Mazda,CX-5,2026-09-12,2026-09-20,DA_HUY
RENT_HCM_000650,36N-283.25,Khach_000207,Kia,Seltos,2026-11-17,2026-11-24,DANG_THUE
RENT_HCM_000651,45D-950.57,Khach_000304,Kia,Morning,2026-02-27,2026-02-28,DA_TRA
RENT_HCM_000652,40R-982.22,Khach_000104,Toyota,Innova,2026-05-22,2026-05-28,DA_HUY
RENT_HCM_000653,50N-795.28,Khach_000211,Mitsubishi,Xpander,2026-01-18,2026-01-26,DA_HUY
RENT_HCM_000654,38M-705.16,Khach_000281,Ford,Everest,2026-08-07,2026-08-14,DA_HUY
RENT_HCM_000655,45A-893.32,Khach_000363,Mazda,CX-5,2026-07-22,2026-07-28,DA_TRA
RENT_HCM_000656,33V-886.83,Khach_000244,Toyota,Innova,2026-05-08,2026-05-16,DA_TRA
RENT_HCM_000657,47E-559.50,Khach_000429,Hyundai,Grand i10,2026-11-14,2026-11-19,DANG_THUE
RENT_HCM_000658,43K-468.16,Khach_000403,Toyota,Vios,2026-11-08,2026-11-11,DANG_THUE
RENT_HCM_000659,40W-137.16,Khach_000196,Hyundai,Accent,2026-07-21,2026-07-28,DA_HUY
RENT_HCM_000660,51Q-591.15,Khach_000038,Kia,Morning,2026-05-15,2026-05-24,DA_HUY
RENT_HCM_000661,50Z-308.49,Khach_000281,Toyota,Vios,2026-04-13,2026-04-16,DANG_THUE
RENT_HCM_000662,42J-756.41,Khach_000035,Mazda,CX-5,2026-05-11,2026-05-16,DA_TRA
RENT_HCM_000663,37R-140.75,Khach_000356,VinFast,VF5,2026-01-11,2026-01-14,DA_HUY
RENT_HCM_000664,37M-858.69,Khach_000003,Honda,City,2026-10-03,2026-10-11,DANG_THUE
RENT_HCM_000665,42B-143.59,Khach_000385,Kia,Morning,2026-08-16,2026-08-24,DA_TRA
RENT_HCM_000666,44U-415.77,Khach_000260,Mitsubishi,Xpander,2026-02-01,2026-02-08,DANG_THUE
RENT_HCM_000667,37T-741.65,Khach_000086,Honda,City,2026-03-10,2026-03-19,DA_TRA
RENT_HCM_000668,34X-242.77,Khach_000381,Honda,City,2026-08-13,2026-08-20,DA_HUY
RENT_HCM_000669,41P-867.90,Khach_000317,Mitsubishi,Xpander,2026-02-09,2026-02-14,DA_TRA
RENT_HCM_000670,37H-741.74,Khach_000102,Honda,City,2026-04-06,2026-04-09,DA_TRA
RENT_HCM_000671,48L-875.29,Khach_000455,Mazda,CX-5,2026-07-21,2026-07-23,DA_TRA
RENT_HCM_000672,32S-626.16,Khach_000192,Kia,Morning,2026-10-13,2026-10-20,DA_HUY
RENT_HCM_000673,41H-487.81,Khach_000347,Kia,Seltos,2026-04-18,2026-04-28,DA_HUY
RENT_HCM_000674,41I-302.67,Khach_000136,Mitsubishi,Xpander,2026-03-13,2026-03-20,DANG_THUE
RENT_HCM_000675,47P-689.29,Khach_000133,Toyota,Vios,2026-08-22,2026-08-28,DA_HUY
RENT_HCM_000676,51T-515.80,Khach_000095,Mitsubishi,Xpander,2026-02-22,2026-02-28,DA_HUY
RENT_HCM_000677,33L-235.43,Khach_000016,Kia,Morning,2026-04-08,2026-04-09,DA_TRA
RENT_HCM_000678,47G-899.89,Khach_000280,Honda,City,2026-01-25,2026-01-28,DA_HUY
RENT_HCM_000679,33X-486.39,Khach_000445,Kia,Seltos,2026-04-21,2026-04-28,DA_TRA
RENT_HCM_000680,31V-700.99,Khach_000424,Mazda,CX-5,2026-03-23,2026-03-28,DA_HUY
RENT_HCM_000681,48C-970.16,Khach_000501,Ford,Everest,2026-04-27,2026-04-28,DA_HUY
RENT_HCM_000682,29W-706.82,Khach_000500,Kia,Morning,2026-03-16,2026-03-17,DANG_THUE
RENT_HCM_000683,51D-386.47,Khach_000012,Ford,Everest,2026-05-24,2026-05-28,DA_TRA
RENT_HCM_000684,30I-112.60,Khach_000328,Hyundai,i10,2026-03-01,2026-03-02,DANG_THUE
RENT_HCM_000685,45Q-924.78,Khach_000382,Hyundai,i10,2026-01-04,2026-01-13,DA_TRA
RENT_HCM_000686,50O-104.65,Khach_000313,Hyundai,Grand i10,2026-11-12,2026-11-18,DA_TRA
RENT_HCM_000687,43Z-162.62,Khach_000380,Mazda,CX-5,2026-06-19,2026-06-27,DANG_THUE
RENT_HCM_000688,42F-620.45,Khach_000300,Ford,Everest,2026-12-11,2026-12-21,DA_TRA
RENT_HCM_000689,43N-656.40,Khach_000107,Kia,Morning,2026-12-13,2026-12-23,DA_TRA
RENT_HCM_000690,39U-874.68,Khach_000359,VinFast,VF5,2026-08-15,2026-08-16,DA_HUY
RENT_HCM_000691,37R-849.50,Khach_000340,Ford,Everest,2026-05-04,2026-05-14,DA_HUY
RENT_HCM_000692,30N-668.25,Khach_000347,Honda,City,2026-09-28,2026-09-28,DANG_THUE
RENT_HCM_000693,46E-599.34,Khach_000319,Mitsubishi,Xpander,2026-08-12,2026-08-14,DANG_THUE
RENT_HCM_000694,42L-138.73,Khach_000335,Kia,Morning,2026-11-27,2026-11-28,DANG_THUE
RENT_HCM_000695,29U-716.11,Khach_000306,Hyundai,Accent,2026-09-13,2026-09-22,DA_TRA
RENT_HCM_000696,49Y-717.82,Khach_000269,Honda,City,2026-06-27,2026-06-28,DA_HUY
RENT_HCM_000697,48O-626.23,Khach_000139,Honda,City,2026-12-03,2026-12-09,DA_HUY
RENT_HCM_000698,42J-185.63,Khach_000027,Mazda,CX-5,2026-01-02,2026-01-07,DANG_THUE
RENT_HCM_000699,43P-924.17,Khach_000442,Hyundai,Accent,2026-11-20,2026-11-27,DA_TRA
RENT_HCM_000700,51W-551.29,Khach_000444,Mazda,CX-5,2026-03-11,2026-03-19,DA_HUY
RENT_HCM_000701,31U-896.35,Khach_000500,Hyundai,Accent,2026-01-07,2026-01-16,DA_HUY
RENT_HCM_000702,43Z-642.66,Khach_000233,VinFast,VF5,2026-11-22,2026-11-23,DANG_THUE
RENT_HCM_000703,39B-412.40,Khach_000489,Hyundai,Grand i10,2026-10-19,2026-10-28,DA_HUY
RENT_HCM_000704,41C-375.94,Khach_000194,Mitsubishi,Xpander,2026-01-12,2026-01-15,DANG_THUE
RENT_HCM_000705,30M-527.30,Khach_000135,VinFast,VF5,2026-02-03,2026-02-05,DA_TRA
RENT_HCM_000706,51Z-576.23,Khach_000381,Toyota,Innova,2026-12-04,2026-12-09,DANG_THUE
RENT_HCM_000707,33U-240.35,Khach_000164,Honda,City,2026-04-07,2026-04-10,DANG_THUE
RENT_HCM_000708,37G-843.21,Khach_000179,Hyundai,Grand i10,2026-09-09,2026-09-10,DA_HUY
RENT_HCM_000709,49V-253.28,Khach_000074,Mitsubishi,Xpander,2026-05-03,2026-05-12,DA_HUY
RENT_HCM_000710,31C-344.23,Khach_000243,Mitsubishi,Xpander,2026-04-20,2026-04-26,DA_TRA
RENT_HCM_000711,40D-240.82,Khach_000291,Mitsubishi,Xpander,2026-07-09,2026-07-11,DANG_THUE
RENT_HCM_000712,33H-102.66,Khach_000245,Ford,Everest,2026-01-13,2026-01-18,DA_HUY
RENT_HCM_000713,45V-456.37,Khach_000029,Hyundai,i10,2026-06-11,2026-06-16,DANG_THUE
RENT_HCM_000714,41O-412.75,Khach_000335,VinFast,VF5,2026-10-19,2026-10-28,DANG_THUE
RENT_HCM_000715,31N-140.38,Khach_000421,Kia,Seltos,2026-12-22,2026-12-28,DA_HUY
RENT_HCM_000716,41F-114.43,Khach_000246,Kia,Morning,2026-09-19,2026-09-24,DA_TRA
RENT_HCM_000717,44V-718.53,Khach_000182,Toyota,Innova,2026-11-23,2026-11-28,DANG_THUE
RENT_HCM_000718,38L-728.39,Khach_000382,Kia,Seltos,2026-02-26,2026-02-28,DA_HUY
RENT_HCM_000719,40E-836.95,Khach_000285,Mazda,CX-5,2026-07-15,2026-07-20,DA_HUY
RENT_HCM_000720,51F-462.68,Khach_000277,VinFast,VF5,2026-05-21,2026-05-28,DANG_THUE
RENT_HCM_000721,48O-218.22,Khach_000093,Toyota,Innova,2026-04-24,2026-04-27,DA_TRA
RENT_HCM_000722,49V-465.26,Khach_000144,Honda,City,2026-12-17,2026-12-27,DA_TRA
RENT_HCM_000723,47D-434.61,Khach_000188,Hyundai,i10,2026-10-27,2026-10-28,DA_HUY
RENT_HCM_000724,45O-403.17,Khach_000424,Kia,Seltos,2026-10-10,2026-10-12,DA_HUY
RENT_HCM_000725,34F-122.70,Khach_000110,Kia,Seltos,2026-11-15,2026-11-18,DA_TRA
RENT_HCM_000726,43A-776.33,Khach_000437,Honda,City,2026-10-02,2026-10-09,DA_TRA
RENT_HCM_000727,35D-308.77,Khach_000230,Kia,Seltos,2026-05-06,2026-05-07,DANG_THUE
RENT_HCM_000728,50X-313.53,Khach_000021,VinFast,VF5,2026-04-18,2026-04-21,DA_HUY
RENT_HCM_000729,42X-807.31,Khach_000235,Toyota,Vios,2026-06-22,2026-06-28,DA_HUY
RENT_HCM_000730,46M-653.23,Khach_000216,Kia,Seltos,2026-08-20,2026-08-28,DA_HUY
RENT_HCM_000731,45K-438.79,Khach_000415,Kia,Morning,2026-03-19,2026-03-20,DA_HUY
RENT_HCM_000732,43I-140.28,Khach_000256,Hyundai,Accent,2026-08-19,2026-08-28,DA_TRA
RENT_HCM_000733,31N-796.55,Khach_000026,Honda,City,2026-01-08,2026-01-14,DA_HUY
RENT_HCM_000734,51V-935.49,Khach_000081,Mitsubishi,Xpander,2026-01-22,2026-01-27,DANG_THUE
RENT_HCM_000735,39B-402.31,Khach_000364,Mitsubishi,Xpander,2026-02-26,2026-02-28,DANG_THUE
RENT_HCM_000736,44E-930.35,Khach_000191,Honda,City,2026-10-06,2026-10-10,DANG_THUE
RENT_HCM_000737,43D-611.77,Khach_000388,Hyundai,Accent,2026-03-16,2026-03-23,DA_HUY
RENT_HCM_000738,50Y-851.60,Khach_000195,Hyundai,Grand i10,2026-01-09,2026-01-10,DA_HUY
RENT_HCM_000739,31N-488.84,Khach_000389,Hyundai,i10,2026-03-12,2026-03-16,DANG_THUE
RENT_HCM_000740,35Y-398.12,Khach_000335,Toyota,Vios,2026-12-18,2026-12-21,DA_TRA
RENT_HCM_000741,33R-688.65,Khach_000160,Hyundai,i10,2026-11-18,2026-11-28,DA_TRA
RENT_HCM_000742,37T-555.89,Khach_000140,Ford,Everest,2026-04-10,2026-04-20,DA_TRA
RENT_HCM_000743,41S-710.10,Khach_000354,Hyundai,Grand i10,2026-08-13,2026-08-23,DA_HUY
RENT_HCM_000744,32I-350.38,Khach_000040,Hyundai,i10,2026-06-24,2026-06-27,DANG_THUE
RENT_HCM_000745,41V-992.40,Khach_000469,VinFast,VF5,2026-03-27,2026-03-28,DA_TRA
RENT_HCM_000746,32B-278.93,Khach_000047,Hyundai,Accent,2026-02-20,2026-02-26,DANG_THUE
RENT_HCM_000747,39Z-407.23,Khach_000224,Ford,Everest,2026-07-06,2026-07-09,DANG_THUE
RENT_HCM_000748,49R-154.52,Khach_000377,Honda,City,2026-10-08,2026-10-14,DANG_THUE
RENT_HCM_000749,31V-364.91,Khach_000380,VinFast,VF5,2026-01-22,2026-01-23,DA_TRA
RENT_HCM_000750,34R-878.29,Khach_000207,Mazda,CX-5,2026-05-24,2026-05-28,DA_TRA
RENT_HCM_000751,35X-781.90,Khach_000158,Hyundai,i10,2026-09-03,2026-09-06,DA_TRA
RENT_HCM_000752,50E-756.27,Khach_000172,Honda,City,2026-06-25,2026-06-28,DA_HUY
RENT_HCM_000753,40T-256.20,Khach_000267,Toyota,Innova,2026-04-20,2026-04-25,DA_HUY
RENT_HCM_000754,45P-223.36,Khach_000218,Honda,City,2026-02-17,2026-02-19,DA_TRA
RENT_HCM_000755,30X-419.59,Khach_000173,Hyundai,Accent,2026-09-01,2026-09-08,DA_TRA
RENT_HCM_000756,49V-195.93,Khach_000284,Kia,Seltos,2026-08-20,2026-08-28,DA_TRA
RENT_HCM_000757,50I-604.45,Khach_000006,Toyota,Vios,2026-10-08,2026-10-17,DA_HUY
RENT_HCM_000758,30O-188.19,Khach_000233,Hyundai,Grand i10,2026-02-03,2026-02-13,DA_TRA
RENT_HCM_000759,49B-303.29,Khach_000299,Mitsubishi,Xpander,2026-09-20,2026-09-21,DA_TRA
RENT_HCM_000760,34N-877.69,Khach_000052,Ford,Everest,2026-03-23,2026-03-28,DA_HUY
RENT_HCM_000761,34Y-605.36,Khach_000411,Kia,Morning,2026-12-23,2026-12-26,DANG_THUE
RENT_HCM_000762,34L-803.97,Khach_000175,Toyota,Innova,2026-01-04,2026-01-05,DANG_THUE
RENT_HCM_000763,34L-571.72,Khach_000114,VinFast,VF5,2026-08-17,2026-08-20,DANG_THUE
RENT_HCM_000764,49J-719.61,Khach_000413,Mazda,CX-5,2026-10-03,2026-10-08,DA_HUY
RENT_HCM_000765,32J-814.41,Khach_000404,Toyota,Vios,2026-04-16,2026-04-19,DANG_THUE
RENT_HCM_000766,37M-851.17,Khach_000242,Ford,Everest,2026-11-16,2026-11-19,DANG_THUE
RENT_HCM_000767,42V-225.44,Khach_000413,Mitsubishi,Xpander,2026-05-22,2026-05-27,DANG_THUE
RENT_HCM_000768,29Y-283.37,Khach_000060,Mazda,CX-5,2026-12-03,2026-12-10,DA_TRA
RENT_HCM_000769,50A-641.57,Khach_000239,Hyundai,i10,2026-05-07,2026-05-09,DA_TRA
RENT_HCM_000770,36Z-657.69,Khach_000282,VinFast,VF5,2026-09-24,2026-09-25,DANG_THUE
RENT_HCM_000771,40D-315.47,Khach_000308,Mitsubishi,Xpander,2026-12-02,2026-12-09,DA_HUY
RENT_HCM_000772,34J-683.16,Khach_000276,Mazda,CX-5,2026-05-27,2026-05-28,DANG_THUE
RENT_HCM_000773,39P-387.83,Khach_000188,Ford,Everest,2026-04-27,2026-04-28,DA_TRA
RENT_HCM_000774,41K-775.41,Khach_000339,Kia,Seltos,2026-08-08,2026-08-09,DANG_THUE
RENT_HCM_000775,41E-359.45,Khach_000079,Toyota,Vios,2026-10-26,2026-10-27,DANG_THUE
RENT_HCM_000776,40E-298.47,Khach_000441,Mazda,CX-5,2026-07-03,2026-07-06,DANG_THUE
RENT_HCM_000777,35T-971.55,Khach_000481,Hyundai,i10,2026-03-24,2026-03-28,DANG_THUE
RENT_HCM_000778,37X-518.94,Khach_000319,Hyundai,i10,2026-08-08,2026-08-13,DANG_THUE
RENT_HCM_000779,29N-383.77,Khach_000340,Mitsubishi,Xpander,2026-06-12,2026-06-20,DA_TRA
RENT_HCM_000780,44D-904.84,Khach_000418,Toyota,Vios,2026-07-27,2026-07-28,DANG_THUE
RENT_HCM_000781,46J-196.48,Khach_000459,Kia,Seltos,2026-04-13,2026-04-22,DANG_THUE
RENT_HCM_000782,35N-592.53,Khach_000155,Ford,Everest,2026-07-07,2026-07-11,DA_HUY
RENT_HCM_000783,48H-603.13,Khach_000004,Mazda,CX-5,2026-12-20,2026-12-28,DANG_THUE
RENT_HCM_000784,33S-310.45,Khach_000174,Ford,Everest,2026-09-23,2026-09-28,DA_TRA
RENT_HCM_000785,37K-219.95,Khach_000393,Honda,City,2026-04-13,2026-04-23,DA_HUY
RENT_HCM_000786,33P-997.12,Khach_000331,Kia,Morning,2026-09-13,2026-09-15,DANG_THUE
RENT_HCM_000787,30E-278.94,Khach_000312,Ford,Everest,2026-03-12,2026-03-16,DA_TRA
RENT_HCM_000788,46K-925.59,Khach_000081,Toyota,Innova,2026-03-16,2026-03-21,DA_TRA
RENT_HCM_000789,45X-817.78,Khach_000043,Mazda,CX-5,2026-05-10,2026-05-12,DA_HUY
RENT_HCM_000790,32R-147.11,Khach_000302,Hyundai,Grand i10,2026-02-03,2026-02-06,DANG_THUE
RENT_HCM_000791,50V-847.12,Khach_000489,Hyundai,i10,2026-02-08,2026-02-11,DANG_THUE
RENT_HCM_000792,29Y-349.88,Khach_000211,VinFast,VF5,2026-01-06,2026-01-07,DA_TRA
RENT_HCM_000793,48K-108.61,Khach_000015,Mazda,CX-5,2026-07-27,2026-07-28,DA_HUY
RENT_HCM_000794,34H-382.80,Khach_000021,Mazda,CX-5,2026-08-11,2026-08-15,DA_TRA
RENT_HCM_000795,30O-105.97,Khach_000138,Kia,Seltos,2026-09-16,2026-09-19,DA_HUY
RENT_HCM_000796,40J-218.91,Khach_000276,Hyundai,Accent,2026-01-03,2026-01-08,DA_TRA
RENT_HCM_000797,34U-247.84,Khach_000113,Hyundai,i10,2026-03-08,2026-03-17,DANG_THUE
RENT_HCM_000798,33C-180.93,Khach_000226,Toyota,Vios,2026-05-18,2026-05-27,DANG_THUE
RENT_HCM_000799,36F-351.17,Khach_000377,Honda,City,2026-01-25,2026-01-28,DA_HUY
RENT_HCM_000800,40I-754.49,Khach_000198,Mazda,CX-5,2026-07-16,2026-07-18,DANG_THUE
RENT_HCM_000801,35U-287.61,Khach_000381,Ford,Everest,2026-02-16,2026-02-18,DA_HUY
RENT_HCM_000802,38J-411.34,Khach_000205,Toyota,Innova,2026-09-05,2026-09-06,DA_HUY
RENT_HCM_000803,36K-626.13,Khach_000350,Mitsubishi,Xpander,2026-03-07,2026-03-14,DA_HUY
RENT_HCM_000804,36X-410.33,Khach_000449,Hyundai,i10,2026-04-04,2026-04-07,DANG_THUE
RENT_HCM_000805,49G-683.47,Khach_000337,Mitsubishi,Xpander,2026-10-04,2026-10-11,DA_TRA
RENT_HCM_000806,30K-195.84,Khach_000079,Honda,City,2026-09-15,2026-09-19,DANG_THUE
RENT_HCM_000807,51H-131.70,Khach_000041,Toyota,Vios,2026-12-13,2026-12-15,DA_TRA
RENT_HCM_000808,32Z-205.98,Khach_000398,Hyundai,Grand i10,2026-08-22,2026-08-28,DA_TRA
RENT_HCM_000809,51H-674.87,Khach_000235,Mitsubishi,Xpander,2026-08-13,2026-08-18,DA_TRA
RENT_HCM_000810,44I-656.48,Khach_000283,Kia,Seltos,2026-11-19,2026-11-22,DANG_THUE
RENT_HCM_000811,35R-486.94,Khach_000413,Toyota,Innova,2026-07-03,2026-07-11,DA_TRA
RENT_HCM_000812,34V-571.11,Khach_000021,Kia,Morning,2026-11-14,2026-11-24,DANG_THUE
RENT_HCM_000813,46F-686.36,Khach_000384,Mitsubishi,Xpander,2026-04-17,2026-04-26,DA_TRA
RENT_HCM_000814,35D-154.19,Khach_000491,Toyota,Innova,2026-09-27,2026-09-28,DANG_THUE
RENT_HCM_000815,49R-236.39,Khach_000298,VinFast,VF5,2026-08-22,2026-08-28,DANG_THUE
RENT_HCM_000816,37L-101.61,Khach_000139,Toyota,Innova,2026-10-01,2026-10-04,DA_TRA
RENT_HCM_000817,36G-948.72,Khach_000314,Honda,City,2026-09-19,2026-09-22,DANG_THUE
RENT_HCM_000818,33D-685.15,Khach_000304,Toyota,Innova,2026-11-20,2026-11-21,DANG_THUE
RENT_HCM_000819,33I-997.76,Khach_000240,Honda,City,2026-12-12,2026-12-16,DANG_THUE
RENT_HCM_000820,43A-125.51,Khach_000041,Mitsubishi,Xpander,2026-04-24,2026-04-25,DA_TRA
RENT_HCM_000821,44L-799.66,Khach_000275,Mazda,CX-5,2026-03-14,2026-03-17,DA_TRA
RENT_HCM_000822,38Z-824.69,Khach_000026,Mitsubishi,Xpander,2026-11-17,2026-11-23,DANG_THUE
RENT_HCM_000823,37N-122.60,Khach_000035,Kia,Seltos,2026-02-24,2026-02-28,DANG_THUE
RENT_HCM_000824,48X-820.40,Khach_000204,Toyota,Innova,2026-02-24,2026-02-28,DA_HUY
RENT_HCM_000825,47N-754.36,Khach_000350,VinFast,VF5,2026-11-17,2026-11-25,DANG_THUE
RENT_HCM_000826,43R-853.70,Khach_000474,Kia,Seltos,2026-04-08,2026-04-09,DA_HUY
RENT_HCM_000827,50F-173.34,Khach_000332,Hyundai,i10,2026-08-04,2026-08-10,DA_TRA
RENT_HCM_000828,44S-138.11,Khach_000163,Ford,Everest,2026-08-24,2026-08-28,DANG_THUE
RENT_HCM_000829,47D-213.40,Khach_000048,VinFast,VF5,2026-10-13,2026-10-23,DA_TRA
RENT_HCM_000830,49C-386.68,Khach_000202,Honda,City,2026-09-09,2026-09-17,DANG_THUE
RENT_HCM_000831,29A-902.20,Khach_000357,Hyundai,i10,2026-05-16,2026-05-19,DANG_THUE
RENT_HCM_000832,47O-182.11,Khach_000427,Ford,Everest,2026-12-24,2026-12-28,DA_HUY
RENT_HCM_000833,47C-597.56,Khach_000275,Hyundai,Grand i10,2026-05-19,2026-05-26,DA_HUY
RENT_HCM_000834,37G-303.44,Khach_000048,Kia,Morning,2026-04-04,2026-04-05,DANG_THUE
RENT_HCM_000835,51Z-846.25,Khach_000223,Hyundai,Grand i10,2026-07-03,2026-07-12,DANG_THUE
RENT_HCM_000836,39P-902.99,Khach_000408,Hyundai,i10,2026-04-14,2026-04-18,DANG_THUE
RENT_HCM_000837,48R-540.46,Khach_000342,Honda,City,2026-04-20,2026-04-22,DA_TRA
RENT_HCM_000838,44D-764.66,Khach_000290,Toyota,Innova,2026-09-17,2026-09-25,DANG_THUE
RENT_HCM_000839,38W-823.77,Khach_000251,VinFast,VF5,2026-09-03,2026-09-10,DA_HUY
RENT_HCM_000840,46A-706.26,Khach_000143,Hyundai,i10,2026-06-14,2026-06-21,DA_HUY
RENT_HCM_000841,34F-309.86,Khach_000063,Kia,Seltos,2026-12-15,2026-12-17,DANG_THUE
RENT_HCM_000842,35P-368.53,Khach_000272,Mitsubishi,Xpander,2026-02-19,2026-02-20,DA_HUY
RENT_HCM_000843,39P-977.19,Khach_000273,Toyota,Vios,2026-03-02,2026-03-09,DANG_THUE
RENT_HCM_000844,41B-939.83,Khach_000250,Hyundai,i10,2026-09-12,2026-09-15,DA_TRA
RENT_HCM_000845,32P-687.37,Khach_000450,VinFast,VF5,2026-10-16,2026-10-22,DANG_THUE
RENT_HCM_000846,30J-904.75,Khach_000322,Ford,Everest,2026-06-28,2026-06-28,DA_HUY
RENT_HCM_000847,36O-793.73,Khach_000180,VinFast,VF5,2026-11-15,2026-11-16,DA_HUY
RENT_HCM_000848,51B-931.38,Khach_000385,Mitsubishi,Xpander,2026-09-09,2026-09-13,DA_HUY
RENT_HCM_000849,50K-665.70,Khach_000379,Mazda,CX-5,2026-06-09,2026-06-14,DA_TRA
RENT_HCM_000850,47G-595.94,Khach_000061,Hyundai,i10,2026-08-17,2026-08-27,DA_TRA
RENT_HCM_000851,39B-834.44,Khach_000170,Toyota,Vios,2026-07-05,2026-07-07,DANG_THUE
RENT_HCM_000852,31Z-549.69,Khach_000227,Toyota,Innova,2026-05-27,2026-05-28,DA_HUY
RENT_HCM_000853,51W-506.20,Khach_000208,Toyota,Vios,2026-05-18,2026-05-25,DA_TRA
RENT_HCM_000854,38Q-511.49,Khach_000031,Kia,Morning,2026-10-12,2026-10-22,DA_HUY
RENT_HCM_000855,33Y-221.68,Khach_000076,Hyundai,Accent,2026-06-08,2026-06-15,DA_TRA
RENT_HCM_000856,48K-200.62,Khach_000170,Hyundai,i10,2026-02-05,2026-02-09,DA_HUY
RENT_HCM_000857,43T-134.24,Khach_000105,Mazda,CX-5,2026-01-07,2026-01-13,DANG_THUE
RENT_HCM_000858,31W-427.63,Khach_000290,Toyota,Innova,2026-05-08,2026-05-17,DANG_THUE
RENT_HCM_000859,44C-576.58,Khach_000284,Honda,City,2026-11-05,2026-11-09,DANG_THUE
RENT_HCM_000860,41D-890.36,Khach_000076,Ford,Everest,2026-06-11,2026-06-17,DA_TRA
RENT_HCM_000861,36Y-571.17,Khach_000379,Kia,Morning,2026-08-15,2026-08-24,DANG_THUE
RENT_HCM_000862,47M-383.17,Khach_000316,Ford,Everest,2026-10-11,2026-10-19,DANG_THUE
RENT_HCM_000863,44Y-275.34,Khach_000063,Hyundai,i10,2026-11-28,2026-11-28,DANG_THUE
RENT_HCM_000864,42S-454.25,Khach_000021,Mitsubishi,Xpander,2026-05-14,2026-05-20,DA_TRA
RENT_HCM_000865,29Y-996.62,Khach_000337,Ford,Everest,2026-06-05,2026-06-14,DA_HUY
RENT_HCM_000866,36A-656.95,Khach_000493,Ford,Everest,2026-02-01,2026-02-10,DANG_THUE
RENT_HCM_000867,37D-610.35,Khach_000221,Honda,City,2026-08-01,2026-08-05,DANG_THUE
RENT_HCM_000868,33P-214.14,Khach_000453,Kia,Morning,2026-05-22,2026-05-25,DA_HUY
RENT_HCM_000869,33B-851.49,Khach_000412,Kia,Morning,2026-10-06,2026-10-12,DANG_THUE
RENT_HCM_000870,30U-553.41,Khach_000278,Hyundai,Accent,2026-10-27,2026-10-28,DA_TRA
RENT_HCM_000871,29P-500.80,Khach_000208,Hyundai,Accent,2026-12-25,2026-12-28,DANG_THUE
RENT_HCM_000872,29F-473.64,Khach_000314,Kia,Morning,2026-07-01,2026-07-03,DA_HUY
RENT_HCM_000873,47P-842.15,Khach_000383,Hyundai,i10,2026-07-24,2026-07-27,DA_TRA
RENT_HCM_000874,43C-436.69,Khach_000222,Toyota,Vios,2026-02-05,2026-02-07,DA_HUY
RENT_HCM_000875,42K-319.28,Khach_000026,Hyundai,Grand i10,2026-05-24,2026-05-28,DA_HUY
RENT_HCM_000876,35J-895.53,Khach_000421,Hyundai,Accent,2026-02-14,2026-02-20,DANG_THUE
RENT_HCM_000877,41B-123.15,Khach_000288,Kia,Seltos,2026-07-28,2026-07-28,DANG_THUE
RENT_HCM_000878,31Y-332.60,Khach_000025,VinFast,VF5,2026-02-22,2026-02-23,DA_HUY
RENT_HCM_000879,41O-912.26,Khach_000324,Kia,Morning,2026-01-10,2026-01-20,DA_TRA
RENT_HCM_000880,39H-508.85,Khach_000039,VinFast,VF5,2026-03-28,2026-03-28,DA_HUY
RENT_HCM_000881,44N-781.21,Khach_000124,Toyota,Innova,2026-05-02,2026-05-12,DA_HUY
RENT_HCM_000882,30Y-755.71,Khach_000072,VinFast,VF5,2026-05-03,2026-05-09,DANG_THUE
RENT_HCM_000883,32A-705.16,Khach_000336,Toyota,Vios,2026-08-10,2026-08-15,DA_HUY
RENT_HCM_000884,44K-472.54,Khach_000013,Kia,Seltos,2026-05-01,2026-05-03,DA_HUY
RENT_HCM_000885,51Y-137.18,Khach_000301,Kia,Seltos,2026-09-27,2026-09-28,DANG_THUE
RENT_HCM_000886,32G-541.45,Khach_000049,Toyota,Vios,2026-03-18,2026-03-26,DANG_THUE
RENT_HCM_000887,31O-628.70,Khach_000239,Hyundai,i10,2026-12-22,2026-12-23,DA_TRA
RENT_HCM_000888,43J-664.35,Khach_000392,Ford,Everest,2026-12-10,2026-12-13,DA_HUY
RENT_HCM_000889,45V-965.88,Khach_000113,Kia,Morning,2026-05-18,2026-05-23,DA_HUY
RENT_HCM_000890,29E-651.98,Khach_000401,Hyundai,Accent,2026-05-23,2026-05-28,DANG_THUE
RENT_HCM_000891,37P-758.47,Khach_000418,Kia,Seltos,2026-10-02,2026-10-11,DANG_THUE
RENT_HCM_000892,49R-961.15,Khach_000071,Honda,City,2026-05-13,2026-05-19,DA_HUY
RENT_HCM_000893,42N-656.46,Khach_000500,Toyota,Vios,2026-02-18,2026-02-25,DA_HUY
RENT_HCM_000894,29D-994.45,Khach_000080,Mazda,CX-5,2026-12-17,2026-12-26,DA_TRA
RENT_HCM_000895,38Z-214.91,Khach_000105,Hyundai,Grand i10,2026-05-09,2026-05-16,DA_HUY
RENT_HCM_000896,42K-730.53,Khach_000180,VinFast,VF5,2026-08-10,2026-08-16,DANG_THUE
RENT_HCM_000897,33M-690.24,Khach_000278,Hyundai,i10,2026-07-07,2026-07-10,DANG_THUE
RENT_HCM_000898,34A-844.76,Khach_000178,Kia,Morning,2026-10-02,2026-10-08,DA_HUY
RENT_HCM_000899,46S-397.33,Khach_000285,Hyundai,Grand i10,2026-10-06,2026-10-14,DA_TRA
RENT_HCM_000900,39M-217.64,Khach_000067,Hyundai,i10,2026-04-26,2026-04-28,DANG_THUE
RENT_HCM_000901,33N-724.63,Khach_000145,Hyundai,i10,2026-01-12,2026-01-17,DA_HUY
RENT_HCM_000902,31T-318.35,Khach_000012,Hyundai,i10,2026-08-03,2026-08-13,DANG_THUE
RENT_HCM_000903,30M-616.25,Khach_000046,Toyota,Vios,2026-08-21,2026-08-27,DA_TRA
RENT_HCM_000904,34N-212.46,Khach_000450,Honda,City,2026-03-08,2026-03-09,DA_TRA
RENT_HCM_000905,42P-209.87,Khach_000447,Hyundai,i10,2026-08-18,2026-08-27,DA_HUY
RENT_HCM_000906,35T-650.48,Khach_000458,Hyundai,i10,2026-07-10,2026-07-12,DANG_THUE
RENT_HCM_000907,47F-263.34,Khach_000124,Hyundai,Grand i10,2026-04-13,2026-04-19,DA_TRA
RENT_HCM_000908,30L-630.62,Khach_000309,Mitsubishi,Xpander,2026-01-05,2026-01-06,DA_HUY
RENT_HCM_000909,45N-795.25,Khach_000108,Kia,Seltos,2026-04-01,2026-04-06,DA_TRA
RENT_HCM_000910,37A-644.83,Khach_000326,Ford,Everest,2026-09-09,2026-09-17,DANG_THUE
RENT_HCM_000911,36A-339.93,Khach_000078,Kia,Seltos,2026-11-20,2026-11-25,DA_TRA
RENT_HCM_000912,49R-826.60,Khach_000341,Mitsubishi,Xpander,2026-12-01,2026-12-11,DA_HUY
RENT_HCM_000913,32H-287.74,Khach_000441,Honda,City,2026-01-09,2026-01-12,DANG_THUE
RENT_HCM_000914,29G-223.90,Khach_000111,Ford,Everest,2026-02-01,2026-02-10,DANG_THUE
RENT_HCM_000915,37R-474.55,Khach_000120,Ford,Everest,2026-10-02,2026-10-10,DA_TRA
RENT_HCM_000916,50K-712.38,Khach_000106,Honda,City,2026-12-23,2026-12-28,DANG_THUE
RENT_HCM_000917,37H-447.94,Khach_000392,Ford,Everest,2026-10-05,2026-10-12,DANG_THUE
RENT_HCM_000918,30K-395.96,Khach_000066,Hyundai,Accent,2026-09-28,2026-09-28,DA_TRA
RENT_HCM_000919,45F-668.61,Khach_000253,Hyundai,Grand i10,2026-04-05,2026-04-10,DANG_THUE
RENT_HCM_000920,43T-381.68,Khach_000117,Hyundai,Grand i10,2026-05-01,2026-05-04,DA_TRA
RENT_HCM_000921,47U-929.27,Khach_000456,Mitsubishi,Xpander,2026-05-23,2026-05-28,DANG_THUE
RENT_HCM_000922,32V-788.90,Khach_000092,Honda,City,2026-12-18,2026-12-22,DANG_THUE
RENT_HCM_000923,49B-809.40,Khach_000244,Hyundai,i10,2026-02-23,2026-02-26,DANG_THUE
RENT_HCM_000924,40V-639.38,Khach_000439,Kia,Seltos,2026-04-26,2026-04-28,DA_HUY
RENT_HCM_000925,35T-806.87,Khach_000074,Ford,Everest,2026-09-03,2026-09-13,DA_HUY
RENT_HCM_000926,30I-395.71,Khach_000251,Mazda,CX-5,2026-08-07,2026-08-13,DANG_THUE
RENT_HCM_000927,30I-375.20,Khach_000403,Hyundai,Accent,2026-11-01,2026-11-03,DA_TRA
RENT_HCM_000928,44I-175.95,Khach_000332,Hyundai,Accent,2026-10-27,2026-10-28,DA_HUY
RENT_HCM_000929,47I-360.95,Khach_000431,Mitsubishi,Xpander,2026-02-28,2026-02-28,DA_TRA
RENT_HCM_000930,43R-173.76,Khach_000127,Honda,City,2026-11-18,2026-11-20,DANG_THUE
RENT_HCM_000931,51S-873.14,Khach_000239,Hyundai,Accent,2026-11-03,2026-11-07,DANG_THUE
RENT_HCM_000932,44V-838.25,Khach_000276,Honda,City,2026-03-12,2026-03-20,DA_TRA
RENT_HCM_000933,39P-377.56,Khach_000231,Mitsubishi,Xpander,2026-10-28,2026-10-28,DA_HUY
RENT_HCM_000934,38C-940.73,Khach_000421,Kia,Morning,2026-09-20,2026-09-27,DA_HUY
RENT_HCM_000935,35W-227.42,Khach_000364,Toyota,Innova,2026-02-18,2026-02-23,DANG_THUE
RENT_HCM_000936,30B-393.89,Khach_000482,Hyundai,Grand i10,2026-09-25,2026-09-28,DANG_THUE
RENT_HCM_000937,43G-725.34,Khach_000472,Ford,Everest,2026-04-04,2026-04-12,DA_HUY
RENT_HCM_000938,51D-624.45,Khach_000006,Ford,Everest,2026-07-07,2026-07-17,DANG_THUE
RENT_HCM_000939,41J-330.43,Khach_000173,Hyundai,Accent,2026-07-05,2026-07-10,DA_TRA
RENT_HCM_000940,31N-129.89,Khach_000255,Hyundai,Grand i10,2026-02-02,2026-02-12,DA_TRA
RENT_HCM_000941,39B-526.32,Khach_000333,Ford,Everest,2026-08-15,2026-08-20,DA_TRA
RENT_HCM_000942,47U-469.47,Khach_000099,Ford,Everest,2026-10-24,2026-10-28,DA_HUY
RENT_HCM_000943,35L-223.47,Khach_000129,Toyota,Vios,2026-10-27,2026-10-28,DA_TRA
RENT_HCM_000944,36P-771.38,Khach_000499,Ford,Everest,2026-06-08,2026-06-18,DANG_THUE
RENT_HCM_000945,42B-438.41,Khach_000103,Kia,Morning,2026-06-25,2026-06-28,DANG_THUE
RENT_HCM_000946,40X-598.10,Khach_000423,Hyundai,i10,2026-09-24,2026-09-26,DA_HUY
RENT_HCM_000947,49B-759.20,Khach_000363,Mazda,CX-5,2026-12-07,2026-12-12,DA_HUY
RENT_HCM_000948,34N-376.20,Khach_000175,Toyota,Vios,2026-05-21,2026-05-28,DA_HUY
RENT_HCM_000949,46C-311.74,Khach_000018,VinFast,VF5,2026-12-04,2026-12-07,DANG_THUE
RENT_HCM_000950,35E-775.14,Khach_000020,Honda,City,2026-05-03,2026-05-12,DA_TRA
RENT_HCM_000951,44L-765.40,Khach_000339,Mitsubishi,Xpander,2026-07-25,2026-07-28,DA_HUY
RENT_HCM_000952,29A-704.87,Khach_000390,Kia,Seltos,2026-06-02,2026-06-12,DA_HUY
RENT_HCM_000953,41Z-388.53,Khach_000379,Hyundai,i10,2026-03-22,2026-03-28,DA_HUY
RENT_HCM_000954,48W-458.99,Khach_000049,Hyundai,i10,2026-09-15,2026-09-19,DA_HUY
RENT_HCM_000955,50K-393.10,Khach_000118,Toyota,Innova,2026-10-01,2026-10-05,DA_HUY
RENT_HCM_000956,51A-161.84,Khach_000155,VinFast,VF5,2026-03-04,2026-03-07,DA_TRA
RENT_HCM_000957,38E-266.16,Khach_000279,Toyota,Vios,2026-04-07,2026-04-12,DA_TRA
RENT_HCM_000958,51W-494.43,Khach_000454,Mitsubishi,Xpander,2026-06-21,2026-06-25,DA_TRA
RENT_HCM_000959,36Y-855.19,Khach_000031,Mazda,CX-5,2026-04-28,2026-04-28,DANG_THUE
RENT_HCM_000960,48E-706.38,Khach_000393,Ford,Everest,2026-02-21,2026-02-28,DANG_THUE
RENT_HCM_000961,29B-393.21,Khach_000456,Mitsubishi,Xpander,2026-03-02,2026-03-11,DA_HUY
RENT_HCM_000962,32C-206.59,Khach_000479,Kia,Morning,2026-03-21,2026-03-28,DANG_THUE
RENT_HCM_000963,40W-496.25,Khach_000007,Hyundai,Accent,2026-07-04,2026-07-12,DA_HUY
RENT_HCM_000964,29X-552.94,Khach_000411,Mitsubishi,Xpander,2026-11-28,2026-11-28,DA_TRA
RENT_HCM_000965,49H-553.35,Khach_000189,VinFast,VF5,2026-05-22,2026-05-28,DA_TRA
RENT_HCM_000966,45R-632.24,Khach_000084,Hyundai,Accent,2026-04-13,2026-04-19,DA_HUY
RENT_HCM_000967,38T-689.81,Khach_000324,Honda,City,2026-02-04,2026-02-10,DA_TRA
RENT_HCM_000968,34J-813.17,Khach_000208,Hyundai,Accent,2026-01-27,2026-01-28,DANG_THUE
RENT_HCM_000969,51Y-334.96,Khach_000177,Mazda,CX-5,2026-01-20,2026-01-22,DA_HUY
RENT_HCM_000970,45Y-204.45,Khach_000071,Kia,Seltos,2026-10-24,2026-10-26,DA_TRA
RENT_HCM_000971,39J-658.98,Khach_000389,Kia,Morning,2026-05-22,2026-05-28,DA_TRA
RENT_HCM_000972,39D-669.27,Khach_000470,Kia,Seltos,2026-12-21,2026-12-28,DA_HUY
RENT_HCM_000973,50V-726.66,Khach_000035,Mitsubishi,Xpander,2026-05-16,2026-05-20,DA_HUY
RENT_HCM_000974,43J-933.67,Khach_000075,Mitsubishi,Xpander,2026-08-20,2026-08-28,DA_TRA
RENT_HCM_000975,38D-317.44,Khach_000099,VinFast,VF5,2026-03-19,2026-03-22,DA_TRA
RENT_HCM_000976,42P-939.67,Khach_000349,Kia,Seltos,2026-05-22,2026-05-28,DA_HUY
RENT_HCM_000977,39M-273.28,Khach_000402,Kia,Morning,2026-03-11,2026-03-13,DA_TRA
RENT_HCM_000978,33I-471.89,Khach_000343,Hyundai,Grand i10,2026-01-03,2026-01-10,DA_TRA
RENT_HCM_000979,45B-868.38,Khach_000306,Hyundai,Grand i10,2026-03-03,2026-03-07,DANG_THUE
RENT_HCM_000980,33D-590.17,Khach_000150,Kia,Seltos,2026-02-07,2026-02-17,DA_HUY
RENT_HCM_000981,34M-457.10,Khach_000062,Mitsubishi,Xpander,2026-04-10,2026-04-20,DANG_THUE
RENT_HCM_000982,42Z-613.24,Khach_000104,Mazda,CX-5,2026-09-07,2026-09-13,DA_TRA
RENT_HCM_000983,30O-354.89,Khach_000268,Ford,Everest,2026-03-21,2026-03-23,DANG_THUE
RENT_HCM_000984,33I-639.92,Khach_000187,Ford,Everest,2026-10-04,2026-10-08,DANG_THUE
RENT_HCM_000985,42T-551.95,Khach_000300,Kia,Seltos,2026-11-02,2026-11-03,DANG_THUE
RENT_HCM_000986,33M-549.33,Khach_000114,Ford,Everest,2026-09-03,2026-09-13,DA_TRA
RENT_HCM_000987,35I-722.48,Khach_000482,Honda,City,2026-06-24,2026-06-28,DANG_THUE
RENT_HCM_000988,41X-925.41,Khach_000286,Hyundai,i10,2026-10-13,2026-10-22,DANG_THUE
RENT_HCM_000989,47L-752.40,Khach_000426,Mitsubishi,Xpander,2026-05-28,2026-05-28,DA_HUY
RENT_HCM_000990,36Q-641.94,Khach_000372,Kia,Seltos,2026-10-02,2026-10-11,DA_HUY
RENT_HCM_000991,29B-501.45,Khach_000202,Toyota,Vios,2026-09-11,2026-09-16,DA_TRA
RENT_HCM_000992,43J-517.77,Khach_000319,Kia,Morning,2026-03-19,2026-03-27,DANG_THUE
RENT_HCM_000993,42F-201.59,Khach_000147,Kia,Morning,2026-09-01,2026-09-06,DA_TRA
RENT_HCM_000994,41Z-195.29,Khach_000359,Hyundai,Grand i10,2026-12-18,2026-12-23,DA_HUY
RENT_HCM_000995,51X-369.52,Khach_000264,Kia,Seltos,2026-09-18,2026-09-21,DA_HUY
RENT_HCM_000996,40D-700.50,Khach_000104,Kia,Morning,2026-01-02,2026-01-03,DANG_THUE
RENT_HCM_000997,36G-422.97,Khach_000333,Hyundai,Grand i10,2026-11-04,2026-11-10,DA_HUY
RENT_HCM_000998,50S-871.23,Khach_000301,Kia,Morning,2026-09-20,2026-09-28,DA_HUY
RENT_HCM_000999,36O-476.97,Khach_000172,VinFast,VF5,2026-08-15,2026-08-16,DA_TRA
RENT_HCM_001000,31D-260.90,Khach_000165,Ford,Everest,2026-10-18,2026-10-24,DANG_THUE
