BookingID,CarPlate,CarBrand,CarModel,RentDate,ReturnDate,Price,CustomerName,MemberRank
RENT_HCM_00001,22D-765.88,Ford,Ranger,3/28/2026,3/31/2026,3582369,Ngo Van Khoa,0
RENT_HCM_00002,52C-127.98,Vinfast,Fadil,1/22/2021,1/26/2021,3378924,Bui Thi An,1
RENT_HCM_00003,22D-765.88,Ford,Ranger,7/27/2022,7/29/2022,2048510,Le Van Dung,0
RENT_HCM_00004,96E-413.01,Kia,Soluto,11/3/2021,11/6/2021,2487405,Hoang Van Cuong,1
RENT_HCM_00005,22D-765.88,Ford,Ranger,11/3/2023,11/6/2023,2225130,Le Van Linh,1
RENT_HCM_00006,26B-195.51,Honda,City,9/18/2022,9/20/2022,1926296,Vu Van Nam,0
RENT_HCM_00007,15H-418.64,Toyota,Camry,10/24/2024,10/26/2024,1758578,Vu Van An,0
RENT_HCM_00008,63D-197.17,Hyundai,Accent,4/20/2021,4/26/2021,2768502,Vu Van Em,0
RENT_HCM_00009,23B-833.14,Vinfast,Fadil,10/3/2021,10/7/2021,1971776,Dang Thi Quyen,0
RENT_HCM_00010,53K-108.47,Vinfast,Fadil,5/1/2024,5/4/2024,3236835,Le Van Em,1
RENT_HCM_00011,76F-738.91,Honda,City,8/30/2022,9/1/2022,815142,Bui Thi Linh,1
RENT_HCM_00012,47K-128.27,Mazda,CX-5,5/26/2026,6/1/2026,6315396,Nguyen Van An,3
RENT_HCM_00013,96E-413.01,Kia,Soluto,8/15/2021,8/16/2021,551773,Dang Thi Phong,0
RENT_HCM_00014,47K-128.27,Mazda,CX-5,11/10/2023,11/11/2023,1114578,Pham Thi Khoa,0
RENT_HCM_00015,23B-833.14,Vinfast,Fadil,7/9/2024,7/12/2024,2830926,Ngo Van Oanh,0
RENT_HCM_00016,30G-594.72,Hyundai,i10,9/19/2026,9/25/2026,4431822,Le Van Binh,1
RENT_HCM_00017,41D-483.31,Mazda,CX-5,5/1/2025,5/8/2025,3835657,Le Van Khoa,1
RENT_HCM_00018,87B-167.07,Ford,EcoSport,9/4/2023,9/9/2023,2756145,Ngo Van Quyen,2
RENT_HCM_00019,11D-112.87,Mazda,3,6/7/2022,6/14/2022,4435221,Nguyen Van Oanh,2
RENT_HCM_00020,23B-833.14,Vinfast,Fadil,5/8/2023,5/11/2023,2641446,Do Thi An,0
RENT_HCM_00021,87B-167.07,Ford,EcoSport,5/3/2024,5/6/2024,2401194,Pham Thi Quyen,0
RENT_HCM_00022,20G-175.90,Hyundai,Grand i10,4/22/2021,4/29/2021,7088116,Tran Thi Giang,2
RENT_HCM_00023,23B-833.14,Vinfast,Fadil,12/10/2023,12/12/2023,967098,Dang Thi Binh,0
RENT_HCM_00024,30G-594.72,Hyundai,i10,10/9/2024,10/11/2024,1737622,Nguyen Van Nam,0
RENT_HCM_00025,11D-112.87,Mazda,3,3/21/2025,3/23/2025,1493940,Le Van Cuong,0
RENT_HCM_00026,39F-278.43,Honda,CR-V,12/17/2022,12/22/2022,2932000,Vu Van Minh,0
RENT_HCM_00027,15H-418.64,Toyota,Camry,11/4/2025,11/10/2025,6522588,Vu Van Em,1
RENT_HCM_00028,15H-418.64,Toyota,Camry,4/3/2021,4/9/2021,5187708,Do Thi Phong,0
RENT_HCM_00029,63D-197.17,Hyundai,Accent,12/22/2024,12/29/2024,7731899,Le Van An,1
RENT_HCM_00030,39F-278.43,Honda,CR-V,3/1/2021,3/8/2021,7067207,Bui Thi Oanh,1
RENT_HCM_00031,63D-197.17,Hyundai,Accent,12/26/2025,12/30/2025,3356948,Tran Thi Phong,0
RENT_HCM_00032,52C-127.98,Vinfast,Fadil,8/9/2025,8/11/2025,1210322,Do Thi Giang,0
RENT_HCM_00033,47K-128.27,Mazda,CX-5,5/14/2024,5/17/2024,1397361,Le Van Binh,1
RENT_HCM_00034,63D-197.17,Hyundai,Accent,9/26/2026,10/3/2026,3591623,Nguyen Van Em,0
RENT_HCM_00035,30G-594.72,Hyundai,i10,10/30/2023,11/2/2023,1344918,Tran Thi Khoa,0
RENT_HCM_00036,96E-413.01,Kia,Soluto,4/26/2022,4/30/2022,2269580,Hoang Van Oanh,1
RENT_HCM_00037,67D-486.76,Hyundai,Accent,2/9/2025,2/16/2025,6569640,Pham Thi Em,1
RENT_HCM_00038,39F-278.43,Honda,CR-V,6/29/2026,6/30/2026,889456,Do Thi Giang,0
RENT_HCM_00039,26B-195.51,Honda,City,10/12/2025,10/14/2025,1042226,Nguyen Van Cuong,0
RENT_HCM_00040,22D-765.88,Ford,Ranger,10/16/2021,10/22/2021,2898732,Hoang Van Linh,1
RENT_HCM_00041,22D-765.88,Ford,Ranger,5/1/2023,5/4/2023,1626744,Do Thi Cuong,1
RENT_HCM_00042,30G-594.72,Hyundai,i10,6/24/2021,6/25/2021,632936,Nguyen Van Dung,2
RENT_HCM_00043,70F-212.20,Hyundai,i10,5/8/2024,5/11/2024,1781190,Hoang Van Oanh,0
RENT_HCM_00044,11D-112.87,Mazda,3,3/30/2021,4/3/2021,4334508,Dang Thi Khoa,0
RENT_HCM_00045,76F-738.91,Honda,City,11/3/2022,11/9/2022,7175100,Dang Thi Em,0
RENT_HCM_00046,30G-594.72,Hyundai,i10,1/18/2025,1/23/2025,4897465,Tran Thi Phong,0
RENT_HCM_00047,83K-324.82,Hyundai,i10,4/1/2024,4/3/2024,1912880,Bui Thi Binh,1
RENT_HCM_00048,30G-594.72,Hyundai,i10,12/22/2022,12/23/2022,408576,Pham Thi Phuc,1
RENT_HCM_00049,67D-486.76,Hyundai,Accent,8/8/2023,8/10/2023,2378230,Bui Thi Phong,1
RENT_HCM_00050,15H-418.64,Toyota,Camry,11/4/2021,11/9/2021,2211805,Ngo Van Phong,0
RENT_HCM_00051,47K-128.27,Mazda,CX-5,12/3/2025,12/10/2025,6129571,Bui Thi Phong,0
RENT_HCM_00052,52C-127.98,Vinfast,Fadil,9/23/2023,9/26/2023,1390935,Pham Thi Linh,0
RENT_HCM_00053,70F-212.20,Hyundai,i10,5/29/2026,6/2/2026,3948480,Le Van Em,0
RENT_HCM_00054,87B-167.07,Ford,EcoSport,5/31/2026,6/6/2026,3316800,Vu Van Quyen,1
RENT_HCM_00055,83K-324.82,Hyundai,i10,4/29/2023,5/6/2023,4593106,Do Thi An,1
RENT_HCM_00056,11D-112.87,Mazda,3,1/18/2024,1/21/2024,2884791,Nguyen Van Hoa,1
RENT_HCM_00057,63D-197.17,Hyundai,Accent,6/15/2025,6/20/2025,4165390,Bui Thi Cuong,1
RENT_HCM_00058,67D-486.76,Hyundai,Accent,1/7/2026,1/9/2026,2391012,Bui Thi Dung,0
RENT_HCM_00059,67C-664.89,Toyota,Camry,11/9/2024,11/10/2024,1101854,Tran Thi An,0
RENT_HCM_00060,26B-195.51,Honda,City,8/14/2023,8/18/2023,4760584,Ngo Van Nam,0
